the	12000
to	11999
and	11998
of	11997
in	11996
is	11995
for	11994
that	11993
you	11992
it	11991
on	11990
with	11989
this	11988
was	11987
be	11986
as	11985
are	11984
have	11983
at	11982
he	11981
not	11980
by	11979
but	11978
from	11977
my	11976
or	11975
we	11974
an	11973
your	11972
all	11971
so	11970
his	11969
they	11968
me	11967
if	11966
one	11965
can	11964
will	11963
just	11962
like	11961
about	11960
up	11959
out	11958
what	11957
has	11956
when	11955
more	11954
do	11953
no	11952
were	11951
who	11950
had	11949
their	11948
there	11947
her	11946
which	11945
time	11944
get	11943
been	11942
would	11941
she	11940
new	11939
people	11938
how	11937
some	11936
also	11935
them	11934
now	11933
other	11932
its	11931
our	11930
than	11929
good	11928
only	11927
after	11926
first	11925
him	11924
into	11923
know	11922
see	11921
two	11920
make	11919
over	11918
think	11917
any	11916
then	11915
could	11914
back	11913
these	11912
us	11911
want	11910
because	11909
go	11908
well	11907
said	11906
way	11905
most	11904
much	11903
very	11902
where	11901
even	11900
should	11899
may	11898
here	11897
need	11896
really	11895
did	11894
right	11893
work	11892
year	11891
years	11890
being	11889
day	11888
too	11887
going	11886
before	11885
off	11884
why	11883
made	11882
still	11881
take	11880
got	11879
many	11878
never	11877
those	11876
life	11875
say	11874
world	11873
down	11872
great	11871
through	11870
last	11869
while	11868
best	11867
such	11866
love	11865
man	11864
home	11863
long	11862
look	11861
something	11860
use	11859
same	11858
used	11857
both	11856
every	11855
am	11854
come	11853
part	11852
state	11851
three	11850
around	11849
between	11848
always	11847
better	11846
find	11845
help	11844
high	11843
little	11842
old	11841
since	11840
another	11839
does	11838
own	11837
things	11836
under	11835
during	11834
game	11833
thing	11832
give	11831
house	11830
place	11829
school	11828
again	11827
next	11826
each	11825
mr	11824
without	11823
against	11822
end	11821
found	11820
must	11819
show	11818
big	11817
feel	11816
sure	11815
team	11814
ever	11813
family	11812
keep	11811
might	11810
please	11809
put	11808
money	11807
free	11806
second	11805
someone	11804
away	11803
left	11802
number	11801
city	11800
days	11799
lot	11798
name	11797
night	11796
play	11795
until	11794
company	11793
doing	11792
few	11791
let	11790
real	11789
called	11788
different	11787
having	11786
set	11785
thought	11784
done	11783
however	11782
getting	11781
god	11780
government	11779
group	11778
looking	11777
public	11776
top	11775
women	11774
business	11773
care	11772
start	11771
system	11770
times	11769
week	11768
already	11767
anything	11766
case	11765
nothing	11764
person	11763
today	11762
change	11761
enough	11760
everything	11759
full	11758
live	11757
making	11756
point	11755
read	11754
told	11753
yet	11752
bad	11751
four	11750
hard	11749
mean	11748
once	11747
support	11746
tell	11745
including	11744
music	11743
power	11742
seen	11741
states	11740
stop	11739
water	11738
based	11737
believe	11736
call	11735
head	11734
men	11733
national	11732
small	11731
took	11730
white	11729
came	11728
far	11727
job	11726
side	11725
though	11724
try	11723
went	11722
yes	11721
actually	11720
american	11719
later	11718
less	11717
line	11716
order	11715
party	11714
run	11713
says	11712
service	11711
country	11710
open	11709
season	11708
shit	11707
thank	11706
children	11705
everyone	11704
general	11703
trying	11702
united	11701
using	11700
area	11699
black	11698
following	11697
law	11696
makes	11695
together	11694
war	11693
whole	11692
car	11691
face	11690
five	11689
kind	11688
maybe	11687
per	11686
president	11685
story	11684
working	11683
course	11682
games	11681
health	11680
hope	11679
important	11678
least	11677
means	11676
news	11675
within	11674
able	11673
book	11672
early	11671
friends	11670
information	11669
local	11668
oh	11667
post	11666
thanks	11665
video	11664
young	11663
ago	11662
others	11661
social	11660
talk	11659
court	11658
fact	11657
given	11656
guys	11655
half	11654
hand	11653
level	11652
mind	11651
often	11650
single	11649
become	11648
body	11647
coming	11646
control	11645
death	11644
food	11643
guy	11642
hours	11641
office	11640
pay	11639
problem	11638
south	11637
true	11636
almost	11635
fuck	11634
history	11633
known	11632
large	11631
lost	11630
research	11629
room	11628
several	11627
started	11626
taking	11625
university	11624
win	11623
wrong	11622
along	11621
anyone	11620
else	11619
girl	11618
john	11617
matter	11616
pretty	11615
remember	11614
air	11613
bit	11612
friend	11611
hit	11610
needs	11609
nice	11608
playing	11607
probably	11606
saying	11605
understand	11604
yeah	11603
york	11602
class	11601
close	11600
comes	11599
idea	11598
international	11597
looks	11596
past	11595
possible	11594
wanted	11593
cause	11592
due	11591
happy	11590
human	11589
members	11588
months	11587
move	11586
question	11585
series	11584
wait	11583
woman	11582
ask	11581
community	11580
data	11579
late	11578
leave	11577
north	11576
saw	11575
special	11574
watch	11573
either	11572
fucking	11571
future	11570
light	11569
low	11568
million	11567
morning	11566
police	11565
short	11564
stay	11563
taken	11562
age	11561
buy	11560
deal	11559
rather	11558
reason	11557
red	11556
report	11555
soon	11554
third	11553
turn	11552
whether	11551
among	11550
check	11549
development	11548
form	11547
further	11546
heart	11545
minutes	11544
myself	11543
services	11542
yourself	11541
act	11540
although	11539
asked	11538
child	11537
fire	11536
fun	11535
living	11534
major	11533
media	11532
phone	11531
players	11530
art	11529
behind	11528
building	11527
easy	11526
gonna	11525
market	11524
near	11523
non	11522
plan	11521
political	11520
quite	11519
six	11518
talking	11517
west	11516
works	11515
according	11514
available	11513
education	11512
final	11511
former	11510
front	11509
kids	11508
list	11507
ready	11506
sometimes	11505
son	11504
street	11503
bring	11502
college	11501
current	11500
example	11499
experience	11498
heard	11497
london	11496
meet	11495
program	11494
type	11493
baby	11492
chance	11491
father	11490
march	11489
process	11488
song	11487
study	11486
word	11485
across	11484
action	11483
clear	11482
gave	11481
gets	11480
himself	11479
month	11478
outside	11477
self	11476
students	11475
words	11474
board	11473
cost	11472
cut	11471
dr	11470
field	11469
held	11468
instead	11467
main	11466
moment	11465
mother	11464
road	11463
seems	11462
thinking	11461
town	11460
wants	11459
de	11458
department	11457
energy	11456
fight	11455
fine	11454
force	11453
hear	11452
issue	11451
played	11450
points	11449
price	11448
re	11447
rest	11446
results	11445
running	11444
shows	11443
space	11442
summer	11441
term	11440
wife	11439
america	11438
beautiful	11437
date	11436
goes	11435
killed	11434
land	11433
miss	11432
project	11431
sex	11430
shot	11429
site	11428
strong	11427
account	11426
co	11425
especially	11424
eyes	11423
include	11422
june	11421
parents	11420
period	11419
position	11418
record	11417
similar	11416
total	11415
above	11414
club	11413
common	11412
died	11411
film	11410
happened	11409
knew	11408
lead	11407
likely	11406
military	11405
perfect	11404
personal	11403
security	11402
share	11401
st	11400
tv	11399
won	11398
april	11397
center	11396
county	11395
couple	11394
dead	11393
english	11392
happen	11391
hold	11390
industry	11389
inside	11388
issues	11387
online	11386
player	11385
private	11384
problems	11383
return	11382
rights	11381
sense	11380
star	11379
test	11378
view	11377
weeks	11376
break	11375
british	11374
companies	11373
event	11372
higher	11371
hour	11370
member	11369
middle	11368
needed	11367
present	11366
result	11365
sorry	11364
takes	11363
training	11362
wish	11361
answer	11360
boy	11359
design	11358
finally	11357
girls	11356
gold	11355
gone	11354
guess	11353
interest	11352
july	11351
king	11350
learn	11349
policy	11348
society	11347
added	11346
al	11345
alone	11344
average	11343
bank	11342
brought	11341
certain	11340
church	11339
east	11338
hands	11337
hot	11336
longer	11335
medical	11334
movie	11333
original	11332
park	11331
performance	11330
press	11329
received	11328
role	11327
sent	11326
themselves	11325
tried	11324
worked	11323
worth	11322
areas	11321
became	11320
bill	11319
books	11318
cool	11317
director	11316
exactly	11315
giving	11314
ground	11313
meeting	11312
provide	11311
questions	11310
relationship	11309
september	11308
sound	11307
source	11306
usually	11305
value	11304
evidence	11303
follow	11302
lives	11301
official	11300
ok	11299
production	11298
rate	11297
reading	11296
round	11295
save	11294
stand	11293
stuff	11292
tax	11291
whatever	11290
amount	11289
blue	11288
countries	11287
david	11286
drive	11285
eat	11284
fall	11283
fast	11282
federal	11281
feeling	11280
felt	11279
green	11278
league	11277
management	11276
match	11275
model	11274
picture	11273
size	11272
step	11271
trust	11270
central	11269
changes	11268
england	11267
forward	11266
groups	11265
hey	11264
key	11263
mom	11262
page	11261
paid	11260
range	11259
review	11258
science	11257
trade	11256
uk	11255
upon	11254
various	11253
attention	11252
brother	11251
cannot	11250
character	11249
chief	11248
cup	11247
football	11246
hate	11245
james	11244
led	11243
looked	11242
lower	11241
natural	11240
october	11239
property	11238
quality	11237
send	11236
style	11235
vote	11234
amazing	11233
august	11232
blood	11231
china	11230
complete	11229
dog	11228
economic	11227
hell	11226
involved	11225
itself	11224
language	11223
lord	11222
november	11221
oil	11220
related	11219
serious	11218
stage	11217
terms	11216
title	11215
add	11214
article	11213
attack	11212
born	11211
damn	11210
decided	11209
decision	11208
enjoy	11207
entire	11206
french	11205
january	11204
kill	11203
met	11202
perhaps	11201
poor	11200
release	11199
situation	11198
technology	11197
turned	11196
website	11195
written	11194
choice	11193
code	11192
considered	11191
continue	11190
council	11189
cover	11188
currently	11187
door	11186
election	11185
european	11184
events	11183
financial	11182
foreign	11181
hair	11180
increase	11179
legal	11178
lose	11177
michael	11176
pick	11175
race	11174
seem	11173
seven	11172
sign	11171
simple	11170
simply	11169
staff	11168
super	11167
union	11166
walk	11165
washington	11164
bed	11163
began	11162
built	11161
career	11160
changed	11159
crazy	11158
daily	11157
daughter	11156
december	11155
die	11154
difficult	11153
figure	11152
hospital	11151
knows	11150
loss	11149
modern	11148
ones	11147
paper	11146
parts	11145
popular	11144
published	11143
safe	11142
starting	11141
systems	11140
version	11139
voice	11138
whose	11137
writing	11136
army	11135
australia	11134
earth	11133
forget	11132
goal	11131
huge	11130
internet	11129
listen	11128
okay	11127
practice	11126
rules	11125
sea	11124
sir	11123
success	11122
towards	11121
waiting	11120
ways	11119
access	11118
base	11117
below	11116
created	11115
deep	11114
followed	11113
la	11112
lol	11111
mark	11110
missing	11109
offer	11108
pass	11107
professional	11106
released	11105
risk	11104
schools	11103
sleep	11102
table	11101
ten	11100
truth	11099
ball	11098
box	11097
build	11096
card	11095
cases	11094
dark	11093
district	11092
europe	11091
george	11090
india	11089
mine	11088
minister	11087
note	11086
percent	11085
piece	11084
products	11083
recent	11082
seeing	11081
straight	11080
visit	11079
wall	11078
wanna	11077
wrote	11076
allowed	11075
boys	11074
culture	11073
etc	11072
fans	11071
february	11070
gives	11069
growth	11068
included	11067
married	11066
officer	11065
pain	11064
paul	11063
places	11062
respect	11061
response	11060
river	11059
rock	11058
shall	11057
speak	11056
specific	11055
standard	11054
tonight	11053
write	11052
album	11051
century	11050
charge	11049
cold	11048
create	11047
effect	11046
eight	11045
except	11044
eye	11043
funny	11042
ii	11041
limited	11040
moving	11039
network	11038
peace	11037
provided	11036
recently	11035
required	11034
sales	11033
spent	11032
store	11031
student	11030
tomorrow	11029
track	11028
via	11027
watching	11026
weight	11025
addition	11024
ahead	11023
allow	11022
anti	11021
association	11020
beat	11019
brown	11018
capital	11017
chinese	11016
committee	11015
conference	11014
difference	11013
double	11012
expect	11011
gas	11010
island	11009
moved	11008
normal	11007
plans	11006
population	11005
potential	11004
pressure	11003
radio	11002
russian	11001
station	11000
text	10999
treatment	10998
western	10997
ass	10996
beginning	10995
california	10994
campaign	10993
certainly	10992
completely	10991
content	10990
credit	10989
cross	10988
described	10987
despite	10986
female	10985
focus	10984
hi	10983
husband	10982
ice	10981
individual	10980
interesting	10979
join	10978
kept	10977
leading	10976
loved	10975
message	10974
miles	10973
nearly	10972
particular	10971
previous	10970
quickly	10969
region	10968
reported	10967
section	10966
sort	10965
speed	10964
travel	10963
consider	10962
contact	10961
drop	10960
fair	10959
feet	10958
jesus	10957
kid	10956
link	10955
positive	10954
sale	10953
throughout	10952
tour	10951
welcome	10950
absolutely	10949
additional	10948
beyond	10947
conditions	10946
earlier	10945
extra	10944
forces	10943
immediately	10942
jobs	10941
leaving	10940
minute	10939
nature	10938
numbers	10937
quick	10936
sell	10935
significant	10934
studies	10933
unless	10932
winning	10931
agree	10930
canada	10929
clean	10928
computer	10927
construction	10926
episode	10925
favorite	10924
income	10923
justice	10922
levels	10921
manager	10920
movement	10919
photo	10918
posted	10917
safety	10916
san	10915
scene	10914
sold	10913
sounds	10912
spend	10911
statement	10910
sun	10909
teams	10908
ability	10907
announced	10906
asking	10905
calling	10904
coach	10903
collection	10902
continued	10901
costs	10900
definitely	10899
designed	10898
expected	10897
friday	10896
gun	10895
happens	10894
heavy	10893
includes	10892
knowledge	10891
particularly	10890
search	10889
subject	10888
train	10887
wide	10886
wow	10885
author	10884
centre	10883
claim	10882
dad	10881
developed	10880
fear	10879
fit	10878
generally	10877
german	10876
global	10875
goals	10874
gotta	10873
hotel	10872
interested	10871
judge	10870
lady	10869
leader	10868
letter	10867
lines	10866
material	10865
named	10864
nobody	10863
opportunity	10862
plus	10861
pre	10860
product	10859
regular	10858
secretary	10857
sister	10856
stories	10855
unit	10854
workers	10853
annual	10852
anymore	10851
bar	10850
battle	10849
brain	10848
contract	10847
degree	10846
families	10845
features	10844
finished	10843
floor	10842
france	10841
growing	10840
hurt	10839
image	10838
insurance	10837
majority	10836
meant	10835
opening	10834
opinion	10833
physical	10832
pro	10831
reach	10830
rule	10829
seriously	10828
sports	10827
stupid	10826
successful	10825
active	10824
administration	10823
approach	10822
australian	10821
biggest	10820
cancer	10819
civil	10818
dance	10817
defense	10816
direction	10815
independent	10814
master	10813
none	10812
reasons	10811
russia	10810
ship	10809
stock	10808
trump	10807
weekend	10806
wonder	10805
worst	10804
africa	10803
awesome	10802
band	10801
beach	10800
cash	10799
clearly	10798
commercial	10797
compared	10796
effort	10795
ended	10794
fan	10793
fighting	10792
imagine	10791
impact	10790
lack	10789
latest	10788
learning	10787
multiple	10786
older	10785
operation	10784
organization	10783
passed	10782
pictures	10781
protect	10780
secret	10779
senior	10778
spring	10777
sunday	10776
telling	10775
wear	10774
activities	10773
address	10772
analysis	10771
anyway	10770
bought	10769
calls	10768
choose	10767
christmas	10766
color	10765
commission	10764
competition	10763
details	10762
direct	10761
dream	10760
easily	10759
finish	10758
grand	10757
increased	10756
indian	10755
literally	10754
luck	10753
marriage	10752
names	10751
necessary	10750
patients	10749
resources	10748
rich	10747
skin	10746
speaking	10745
supposed	10744
sweet	10743
thus	10742
touch	10741
yesterday	10740
caught	10739
closed	10738
congress	10737
damage	10736
directly	10735
disease	10734
doctor	10733
doubt	10732
drink	10731
driving	10730
established	10729
facebook	10728
feels	10727
fish	10726
gay	10725
germany	10724
glad	10723
greater	10722
grow	10721
largest	10720
machine	10719
notice	10718
overall	10717
planning	10716
professor	10715
programs	10714
records	10713
reports	10712
shown	10711
sit	10710
trip	10709
associated	10708
basic	10707
captain	10706
carry	10705
cars	10704
crime	10703
effective	10702
effects	10701
explain	10700
fully	10699
highly	10698
holding	10697
japan	10696
laws	10695
male	10694
mrs	10693
parties	10692
plant	10691
reality	10690
smith	10689
spot	10688
texas	10687
winter	10686
worse	10685
advice	10684
agreement	10683
award	10682
block	10681
broken	10680
caused	10679
challenge	10678
characters	10677
christian	10676
comment	10675
equipment	10674
eventually	10673
helped	10672
holy	10671
killing	10670
lived	10669
lots	10668
nation	10667
otherwise	10666
peter	10665
prices	10664
primary	10663
purpose	10662
rates	10661
responsible	10660
shop	10659
showing	10658
sick	10657
teacher	10656
theory	10655
uses	10654
william	10653
agency	10652
avoid	10651
camera	10650
catch	10649
cell	10648
coast	10647
comments	10646
drug	10645
economy	10644
environment	10643
executive	10642
foot	10641
hall	10640
mass	10639
meaning	10638
mission	10637
nine	10636
officers	10635
operations	10634
politics	10633
pop	10632
produced	10631
ran	10630
saturday	10629
status	10628
therefore	10627
trial	10626
truly	10625
weather	10624
activity	10623
app	10622
application	10621
claims	10620
coffee	10619
complex	10618
condition	10617
division	10616
evening	10615
flight	10614
freedom	10613
google	10612
heat	10611
highest	10610
interview	10609
library	10608
located	10607
location	10606
murder	10605
obama	10604
offered	10603
putting	10602
queen	10601
seconds	10600
showed	10599
sitting	10598
standing	10597
stars	10596
walking	10595
accept	10594
actual	10593
appear	10592
attempt	10591
broke	10590
channel	10589
distance	10588
eating	10587
exchange	10586
fat	10585
fell	10584
finding	10583
glass	10582
learned	10581
losing	10580
mobile	10579
northern	10578
opened	10577
placed	10576
powerful	10575
prior	10574
protection	10573
reached	10572
receive	10571
religious	10570
ride	10569
robert	10568
royal	10567
screen	10566
serve	10565
signed	10564
slow	10563
species	10562
speech	10561
traffic	10560
tree	10559
types	10558
vs	10557
wearing	10556
whom	10555
wonderful	10554
agreed	10553
airport	10552
animals	10551
appears	10550
begin	10549
benefits	10548
bottom	10547
cities	10546
demand	10545
engine	10544
everybody	10543
famous	10542
ideas	10541
investment	10540
keeping	10539
lie	10538
notes	10537
partner	10536
plays	10535
raised	10534
runs	10533
sad	10532
solution	10531
songs	10530
sources	10529
southern	10528
square	10527
stopped	10526
structure	10525
thomas	10524
traditional	10523
twice	10522
wind	10521
worry	10520
americans	10519
appeared	10518
becomes	10517
brand	10516
bus	10515
cent	10514
chicago	10513
count	10512
covered	10511
critical	10510
digital	10509
forced	10508
fourth	10507
fresh	10506
lake	10505
mental	10504
mentioned	10503
missed	10502
mostly	10501
mouth	10500
owner	10499
photos	10498
previously	10497
realize	10496
remain	10495
scale	10494
score	10493
separate	10492
smart	10491
starts	10490
surface	10489
throw	10488
tom	10487
totally	10486
twitter	10485
views	10484
wedding	10483
acting	10482
actions	10481
african	10480
arms	10479
benefit	10478
budget	10477
click	10476
estate	10475
failed	10474
faith	10473
fashion	10472
feature	10471
fund	10470
generation	10469
hearing	10468
hill	10467
jack	10466
larger	10465
louis	10464
metal	10463
mid	10462
paris	10461
profile	10460
pull	10459
push	10458
returned	10457
rose	10456
seat	10455
seemed	10454
sexual	10453
target	10452
understanding	10451
village	10450
agent	10449
animal	10448
apply	10447
authority	10446
basis	10445
becoming	10444
chris	10443
draw	10442
dude	10441
employees	10440
enter	10439
ex	10438
follows	10437
foundation	10436
gain	10435
http	10434
individuals	10433
japanese	10432
leaders	10431
memory	10430
prime	10429
projects	10428
ring	10427
rise	10426
selling	10425
served	10424
silver	10423
soul	10422
spread	10421
supply	10420
waste	10419
weird	10418
adult	10417
apparently	10416
artist	10415
chairman	10414
edition	10413
engineering	10412
grade	10411
happening	10410
healthy	10409
institute	10408
method	10407
mike	10406
monday	10405
nations	10404
obviously	10403
option	10402
prison	10401
provides	10400
remains	10399
senate	10398
smaller	10397
somebody	10396
stone	10395
strength	10394
users	10393
wild	10392
window	10391
winner	10390
arrived	10389
bag	10388
bet	10387
camp	10386
cast	10385
christ	10384
continues	10383
correct	10382
dangerous	10381
ed	10380
extremely	10379
firm	10378
greatest	10377
handle	10376
improve	10375
indeed	10374
leaves	10373
movies	10372
negative	10371
prevent	10370
removed	10369
richard	10368
spirit	10367
television	10366
till	10365
trouble	10364
usa	10363
videos	10362
advantage	10361
apart	10360
aware	10359
cat	10358
customers	10357
decide	10356
dinner	10355
dollars	10354
eastern	10353
fifth	10352
function	10351
gift	10350
helping	10349
herself	10348
impossible	10347
influence	10346
items	10345
joe	10344
los	10343
marketing	10342
mary	10341
materials	10340
nor	10339
produce	10338
progress	10337
proud	10336
require	10335
shooting	10334
shut	10333
standards	10332
tells	10331
thinks	10330
van	10329
wood	10328
background	10327
birth	10326
bridge	10325
carried	10324
charles	10323
classes	10322
completed	10321
concept	10320
copy	10319
dear	10318
dogs	10317
drugs	10316
efforts	10315
garden	10314
host	10313
housing	10312
inc	10311
israel	10310
journal	10309
labor	10308
leadership	10307
length	10306
lucky	10305
neither	10304
onto	10303
patient	10302
possibly	10301
prove	10300
rare	10299
setting	10298
skills	10297
software	10296
thousands	10295
tough	10294
units	10293
ad	10292
alive	10291
apple	10290
balance	10289
birthday	10288
bitch	10287
boss	10286
cards	10285
changing	10284
connection	10283
dress	10282
easier	10281
fellow	10280
florida	10279
horse	10278
knowing	10277
liked	10276
magic	10275
managed	10274
map	10273
net	10272
owned	10271
request	10270
stick	10269
turns	10268
vehicle	10267
volume	10266
wake	10265
aid	10264
beauty	10263
believed	10262
billion	10261
busy	10260
buying	10259
cells	10258
concerned	10257
conversation	10256
corner	10255
criminal	10254
cultural	10253
develop	10252
driver	10251
ends	10250
existing	10249
farm	10248
file	10247
fix	10246
fly	10245
frank	10244
guide	10243
images	10242
investigation	10241
mexico	10240
operating	10239
paying	10238
presented	10237
raise	10236
responsibility	10235
roll	10234
slightly	10233
suggest	10232
surprise	10231
technical	10230
thoughts	10229
treat	10228
unique	10227
variety	10226
violence	10225
weapons	10224
yours	10223
youth	10222
appreciate	10221
bigger	10220
breaking	10219
discovered	10218
dont	10217
dry	10216
edge	10215
evil	10214
excited	10213
forever	10212
funds	10211
helps	10210
henry	10209
injury	10208
iron	10207
lovely	10206
mad	10205
magazine	10204
martin	10203
models	10202
offers	10201
ordered	10200
parliament	10199
prepared	10198
reference	10197
religion	10196
sites	10195
somewhere	10194
stated	10193
strategy	10192
teachers	10191
web	10190
wine	10189
accounts	10188
angeles	10187
arm	10186
audience	10185
bay	10184
blog	10183
closer	10182
core	10181
democratic	10180
description	10179
dropped	10178
excellent	10177
exist	10176
figures	10175
forms	10174
guard	10173
honest	10172
issued	10171
joined	10170
jones	10169
lee	10168
lies	10167
likes	10166
medicine	10165
mention	10164
mountain	10163
nuclear	10162
orders	10161
port	10160
presence	10159
reaction	10158
reduce	10157
shoot	10156
sides	10155
solid	10154
spanish	10153
sport	10152
steps	10151
stress	10150
taste	10149
tea	10148
victory	10147
afternoon	10146
assistant	10145
britain	10144
citizens	10143
classic	10142
clothes	10141
decisions	10140
electric	10139
emergency	10138
entered	10137
entirely	10136
facts	10135
failure	10134
festival	10133
flat	10132
fuel	10131
harry	10130
hello	10129
houses	10128
ill	10127
initial	10126
introduced	10125
johnson	10124
kick	10123
links	10122
mail	10121
massive	10120
matters	10119
pair	10118
picked	10117
pieces	10116
plane	10115
plenty	10114
prince	10113
proper	10112
providing	10111
quarter	10110
regional	10109
scott	10108
session	10107
shape	10106
sky	10105
teaching	10104
toward	10103
transfer	10102
upper	10101
useful	10100
valley	10099
watched	10098
willing	10097
windows	10096
zone	10095
accident	10094
advanced	10093
alternative	10092
anywhere	10091
articles	10090
awards	10089
bear	10088
boat	10087
bringing	10086
capacity	10085
cheap	10084
climate	10083
communities	10082
discussion	10081
drinking	10080
duty	10079
fantastic	10078
feelings	10077
flying	10076
governor	10075
hundred	10074
industrial	10073
joint	10072
mix	10071
museum	10070
options	10069
path	10068
plants	10067
policies	10066
promise	10065
proposed	10064
purchase	10063
rain	10062
remove	10061
signs	10060
spending	10059
steel	10058
steve	10057
supporting	10056
terrible	10055
tired	10054
treated	10053
turning	10052
vice	10051
warm	10050
afraid	10049
arts	10048
beer	10047
border	10046
canadian	10045
command	10044
crew	10043
crowd	10042
dating	10041
dick	10040
elements	10039
enemy	10038
ensure	10037
environmental	10036
filled	10035
fixed	10034
forest	10033
intelligence	10032
intended	10031
labour	10030
limit	10029
moon	10028
ocean	10027
powers	10026
profit	10025
proof	10024
republican	10023
soldiers	10022
suit	10021
wins	10020
appearance	10019
asian	10018
attorney	10017
banks	10016
behavior	10015
ben	10014
bodies	10013
brothers	10012
buildings	10011
chair	10010
creating	10009
debt	10008
domestic	10007
expensive	10006
grew	10005
historical	10004
homes	10003
honestly	10002
honor	10001
im	10000
jump	9999
launch	9998
listed	9997
minimum	9996
native	9995
noted	9994
originally	9993
planned	9992
pm	9991
ray	9990
sets	9989
suddenly	9988
supreme	9987
survey	9986
tech	9985
trees	9984
update	9983
user	9982
writer	9981
yellow	9980
younger	9979
ancient	9978
attacks	9977
charges	9976
combined	9975
communication	9974
connected	9973
contains	9972
download	9971
email	9970
ending	9969
exercise	9968
express	9967
flow	9966
formed	9965
girlfriend	9964
hero	9963
illegal	9962
increasing	9961
joke	9960
loan	9959
methods	9958
officials	9957
performed	9956
planet	9955
relationships	9954
restaurant	9953
scotland	9952
selected	9951
shared	9950
shopping	9949
soft	9948
stuck	9947
sugar	9946
suggested	9945
supported	9944
surprised	9943
taught	9942
transport	9941
accepted	9940
adding	9939
affairs	9938
allows	9937
appeal	9936
applied	9935
appropriate	9934
artists	9933
boston	9932
ca	9931
confirmed	9930
device	9929
drama	9928
entry	9927
era	9926
factor	9925
feed	9924
golden	9923
grant	9922
grown	9921
heads	9920
hoping	9919
keeps	9918
lawyer	9917
legs	9916
lying	9915
measures	9914
mistake	9913
ms	9912
muslim	9911
organizations	9910
platform	9909
pool	9908
pulled	9907
regarding	9906
relations	9905
requires	9904
route	9903
saved	9902
schedule	9901
scientific	9900
shoes	9899
smoke	9898
squad	9897
teach	9896
testing	9895
tests	9894
values	9893
walked	9892
williams	9891
ya	9890
abuse	9889
angry	9888
businesses	9887
candidate	9886
comfortable	9885
concern	9884
developing	9883
discuss	9882
elections	9881
emotional	9880
et	9879
everywhere	9878
facilities	9877
falling	9876
fox	9875
guns	9874
hole	9873
holiday	9872
interests	9871
internal	9870
ireland	9869
italian	9868
italy	9867
jersey	9866
laugh	9865
leg	9864
letters	9863
liberal	9862
listening	9861
ll	9860
loves	9859
lunch	9858
max	9857
milk	9856
pack	9855
payment	9854
perform	9853
recorded	9852
relatively	9851
sector	9850
sharing	9849
snow	9848
storm	9847
streets	9846
strike	9845
studio	9844
sub	9843
weak	9842
youtube	9841
actor	9840
advance	9839
apartment	9838
asia	9837
chain	9836
chapter	9835
committed	9834
confidence	9833
cook	9832
cute	9831
equal	9830
fake	9829
finance	9828
focused	9827
hits	9826
identity	9825
journey	9824
kitchen	9823
korea	9822
leads	9821
maintain	9820
measure	9819
mm	9818
numerous	9817
owners	9816
posts	9815
properties	9814
quiet	9813
revealed	9812
specifically	9811
split	9810
task	9809
taxes	9808
taylor	9807
twenty	9806
urban	9805
acts	9804
affected	9803
aircraft	9802
applications	9801
approved	9800
approximately	9799
argument	9798
arrested	9797
claimed	9796
conflict	9795
considering	9794
corporate	9793
debate	9792
determined	9791
distribution	9790
documents	9789
escape	9788
extended	9787
factors	9786
faster	9785
fault	9784
fill	9783
films	9782
flowers	9781
friendly	9780
ladies	9779
lay	9778
lights	9777
millions	9776
mixed	9775
phase	9774
properly	9773
pure	9772
reduced	9771
requirements	9770
residents	9769
revenue	9768
sam	9767
sat	9766
secure	9765
smile	9764
strange	9763
talent	9762
temperature	9761
thousand	9760
tony	9759
troops	9758
truck	9757
votes	9756
ah	9755
authorities	9754
basically	9753
besides	9752
bird	9751
blame	9750
bob	9749
bowl	9748
causes	9747
chicken	9746
collected	9745
context	9744
coverage	9743
determine	9742
display	9741
dying	9740
elected	9739
examples	9738
experienced	9737
falls	9736
false	9735
fired	9734
forgot	9733
funding	9732
identified	9731
iii	9730
incredible	9729
inspired	9728
launched	9727
ma	9726
meat	9725
ministry	9724
mode	9723
neck	9722
noticed	9721
novel	9720
obvious	9719
passing	9718
positions	9717
remaining	9716
scored	9715
shirt	9714
shots	9713
slowly	9712
stadium	9711
stores	9710
surgery	9709
trading	9708
tuesday	9707
vision	9706
whenever	9705
worried	9704
zero	9703
alex	9702
allowing	9701
begins	9700
champion	9699
charged	9698
cream	9697
crisis	9696
daniel	9695
delivered	9694
editor	9693
estimated	9692
eu	9691
giant	9690
iran	9689
jail	9688
jim	9687
kingdom	9686
literature	9685
mayor	9684
minor	9683
moments	9682
opposite	9681
orange	9680
ourselves	9679
pages	9678
remained	9677
selection	9676
serving	9675
signal	9674
stream	9673
struggle	9672
suicide	9671
talked	9670
theme	9669
thursday	9668
tiny	9667
typically	9666
un	9665
unfortunately	9664
usual	9663
vehicles	9662
virginia	9661
voted	9660
voting	9659
walls	9658
wave	9657
alcohol	9656
assembly	9655
breakfast	9654
bright	9653
brings	9652
capable	9651
carrying	9650
chosen	9649
combination	9648
conservative	9647
customer	9646
cutting	9645
desire	9644
destroyed	9643
draft	9642
drunk	9641
essential	9640
fail	9639
familiar	9638
finds	9637
granted	9636
guilty	9635
humans	9634
hundreds	9633
id	9632
improved	9631
jewish	9630
largely	9629
laughing	9628
markets	9627
medium	9626
ohio	9625
opportunities	9624
papers	9623
perfectly	9622
recommend	9621
referred	9620
relevant	9619
seek	9618
sending	9617
solo	9616
spoke	9615
stands	9614
talks	9613
ticket	9612
unable	9611
upset	9610
wing	9609
answers	9608
birds	9607
bomb	9606
creative	9605
cycle	9604
dealing	9603
directed	9602
don	9601
educational	9600
entertainment	9599
extreme	9598
facility	9597
fields	9596
goods	9595
hang	9594
holds	9593
info	9592
mainly	9591
maximum	9590
newspaper	9589
offering	9588
painting	9587
republic	9586
reserve	9585
returns	9584
row	9583
salt	9582
scared	9581
scottish	9580
shares	9579
statistics	9578
switch	9577
territory	9576
threat	9575
tickets	9574
wales	9573
adults	9572
affect	9571
appointed	9570
armed	9569
aside	9568
assistance	9567
bell	9566
blow	9565
bond	9564
boyfriend	9563
careful	9562
circumstances	9561
communications	9560
concerns	9559
controlled	9558
corporation	9557
cry	9556
danger	9555
deals	9554
delivery	9553
deserve	9552
devices	9551
dollar	9550
dreams	9549
empty	9548
enjoyed	9547
explained	9546
faces	9545
folks	9544
fucked	9543
gender	9542
instance	9541
kim	9540
kinda	9539
matches	9538
mile	9537
motion	9536
moves	9535
nick	9534
pacific	9533
prize	9532
realized	9531
reasonable	9530
receiving	9529
register	9528
resolution	9527
rural	9526
ryan	9525
saving	9524
sees	9523
singing	9522
spain	9521
tools	9520
typical	9519
universe	9518
warning	9517
wars	9516
wednesday	9515
admit	9514
attitude	9513
branch	9512
brazil	9511
conducted	9510
decades	9509
dedicated	9508
definition	9507
drawing	9506
favor	9505
flag	9504
frame	9503
guest	9502
ha	9501
heaven	9500
independence	9499
institutions	9498
jackson	9497
kiss	9496
load	9495
plot	9494
possibility	9493
random	9492
recovery	9491
rent	9490
replace	9489
represent	9488
reviews	9487
scenes	9486
seeking	9485
senator	9484
sentence	9483
teeth	9482
tips	9481
trained	9480
understood	9479
academic	9478
academy	9477
accurate	9476
achieve	9475
adam	9474
afford	9473
andrew	9472
assume	9471
bbc	9470
bottle	9469
bunch	9468
category	9467
chat	9466
cheese	9465
chemical	9464
clinton	9463
competitive	9462
detail	9461
diet	9460
em	9459
favourite	9458
fruit	9457
harder	9456
index	9455
item	9454
lane	9453
mess	9452
navy	9451
normally	9450
occurred	9449
opposition	9448
parent	9447
permanent	9446
personally	9445
pleasure	9444
prefer	9443
programme	9442
representative	9441
scheme	9440
shift	9439
stood	9438
storage	9437
tank	9436
tend	9435
tight	9434
transportation	9433
ultimately	9432
unlike	9431
weekly	9430
yard	9429
anybody	9428
assets	9427
basketball	9426
button	9425
candidates	9424
combat	9423
constitution	9422
consumer	9421
counter	9420
creation	9419
crown	9418
crying	9417
dc	9416
defined	9415
depending	9414
depression	9413
describe	9412
drivers	9411
el	9410
employment	9409
exclusive	9408
excuse	9407
expert	9406
frequently	9405
golf	9404
grace	9403
hopefully	9402
identify	9401
importance	9400
kevin	9399
laid	9398
latter	9397
manufacturing	9396
mining	9395
object	9394
partners	9393
pattern	9392
performing	9391
personnel	9390
perspective	9389
pregnant	9388
premier	9387
promote	9386
revolution	9385
rooms	9384
severe	9383
sleeping	9382
suppose	9381
tool	9380
tournament	9379
turkey	9378
ve	9377
victim	9376
victims	9375
agents	9374
amazon	9373
arrest	9372
attend	9371
ban	9370
brilliant	9369
carbon	9368
catholic	9367
chose	9366
circle	9365
concert	9364
crash	9363
declared	9362
deliver	9361
depth	9360
deputy	9359
dirty	9358
doctors	9357
earned	9356
electronic	9355
error	9354
existence	9353
experiences	9352
expression	9351
factory	9350
headed	9349
interior	9348
joy	9347
jr	9346
legislation	9345
maintenance	9344
manner	9343
mate	9342
matt	9341
nearby	9340
noise	9339
origin	9338
pakistan	9337
panel	9336
personality	9335
plate	9334
practices	9333
prepare	9332
relief	9331
replaced	9330
resistance	9329
retail	9328
rice	9327
roads	9326
roof	9325
shame	9324
ships	9323
somewhat	9322
staying	9321
stronger	9320
surely	9319
tip	9318
updated	9317
writers	9316
absolute	9315
advertising	9314
agencies	9313
baseball	9312
bathroom	9311
bible	9310
cable	9309
calm	9308
championship	9307
checked	9306
client	9305
constant	9304
da	9303
dates	9302
degrees	9301
democrats	9300
doors	9299
driven	9298
dumb	9297
empire	9296
exciting	9295
expansion	9294
heavily	9293
hide	9292
incident	9291
irish	9290
linked	9289
manage	9288
messages	9287
michigan	9286
multi	9285
nfl	9284
politicians	9283
print	9282
quit	9281
refused	9280
reporting	9279
sight	9278
significantly	9277
sing	9276
soviet	9275
weapon	9274
wet	9273
widely	9272
worldwide	9271
ages	9270
anniversary	9269
attractive	9268
bike	9267
broad	9266
burn	9265
cake	9264
causing	9263
closely	9262
constantly	9261
contest	9260
deaths	9259
depends	9258
drawn	9257
fees	9256
francisco	9255
haha	9254
hardly	9253
hat	9252
height	9251
hidden	9250
hong	9249
invited	9248
letting	9247
loud	9246
manchester	9245
marine	9244
motor	9243
officially	9242
pc	9241
peak	9240
portion	9239
pounds	9238
princess	9237
protein	9236
puts	9235
raw	9234
reform	9233
regions	9232
represented	9231
respond	9230
retirement	9229
sample	9228
seats	9227
secondary	9226
solar	9225
somehow	9224
stayed	9223
suffering	9222
sydney	9221
tries	9220
ultimate	9219
unknown	9218
wilson	9217
wondering	9216
attached	9215
attacked	9214
automatically	9213
balls	9212
battery	9211
bills	9210
blind	9209
breath	9208
brief	9207
carolina	9206
chest	9205
conduct	9204
debut	9203
decade	9202
destroy	9201
differences	9200
edward	9199
engaged	9198
experts	9197
expressed	9196
external	9195
fantasy	9194
ft	9193
grab	9192
hollywood	9191
immediate	9190
introduction	9189
joseph	9188
license	9187
paint	9186
pilot	9185
pink	9184
presidential	9183
principal	9182
recognize	9181
recognized	9180
registered	9179
regularly	9178
representatives	9177
rising	9176
seasons	9175
shipping	9174
singer	9173
smoking	9172
steam	9171
suffered	9170
survive	9169
tall	9168
thats	9167
theatre	9166
therapy	9165
witness	9164
adopted	9163
aim	9162
campus	9161
cap	9160
chances	9159
childhood	9158
clinical	9157
clubs	9156
comedy	9155
commander	9154
comparison	9153
covers	9152
dan	9151
defeat	9150
defence	9149
democracy	9148
detailed	9147
entitled	9146
exact	9145
exposed	9144
fed	9143
fee	9142
injured	9141
jan	9140
jordan	9139
kinds	9138
lets	9137
loans	9136
lock	9135
musical	9134
nose	9133
objects	9132
opposed	9131
organized	9130
plastic	9129
protected	9128
purposes	9127
quote	9126
recording	9125
semi	9124
statements	9123
suspect	9122
swear	9121
techniques	9120
tie	9119
tim	9118
trend	9117
valuable	9116
wealth	9115
wise	9114
yards	9113
aged	9112
approval	9111
aspects	9110
attempts	9109
bread	9108
burning	9107
champions	9106
contain	9105
convention	9104
dancing	9103
document	9102
eggs	9101
employee	9100
en	9099
engineer	9098
equivalent	9097
facing	9096
fairly	9095
fingers	9094
ford	9093
founded	9092
functions	9091
gang	9090
graduate	9089
greek	9088
hanging	9087
inner	9086
islands	9085
le	9084
lift	9083
marked	9082
memories	9081
miller	9080
monthly	9079
mountains	9078
neighborhood	9077
operate	9076
outstanding	9075
permission	9074
porn	9073
racing	9072
recommended	9071
regulations	9070
reply	9069
republicans	9068
rid	9067
roman	9066
scientists	9065
shoulder	9064
shower	9063
solutions	9062
sons	9061
stations	9060
stephen	9059
tower	9058
tradition	9057
visited	9056
visual	9055
wheel	9054
zealand	9053
achieved	9052
admitted	9051
appointment	9050
authors	9049
barely	9048
bc	9047
bush	9046
cabinet	9045
celebrate	9044
challenges	9043
chocolate	9042
coal	9041
colour	9040
contemporary	9039
criticism	9038
davis	9037
dna	9036
effectively	9035
eric	9034
extensive	9033
faced	9032
filed	9031
formation	9030
fought	9029
gained	9028
gallery	9027
highway	9026
historic	9025
hunt	9024
improvement	9023
inch	9022
initially	9021
junior	9020
jury	9019
kong	9018
korean	9017
marks	9016
monster	9015
obtained	9014
olympic	9013
philosophy	9012
pride	9011
promised	9010
repeat	9009
returning	9008
riding	9007
rough	9006
santa	9005
settlement	9004
smell	9003
sought	9002
speaker	9001
studied	9000
suggests	8999
surrounding	8998
tone	8997
topic	8996
toronto	8995
universal	8994
vast	8993
visitors	8992
wanting	8991
auto	8990
consistent	8989
continuing	8988
earn	8987
exists	8986
finger	8985
grey	8984
guitar	8983
heading	8982
howard	8981
ignore	8980
involving	8979
latin	8978
lewis	8977
meal	8976
meanwhile	8975
meetings	8974
naturally	8973
necessarily	8972
offices	8971
pants	8970
partnership	8969
payments	8968
percentage	8967
pocket	8966
practical	8965
primarily	8964
proved	8963
rape	8962
regardless	8961
relative	8960
represents	8959
rescue	8958
resulting	8957
rush	8956
sarah	8955
sessions	8954
sharp	8953
simon	8952
soccer	8951
stable	8950
structures	8949
supplies	8948
symptoms	8947
temporary	8946
tested	8945
trick	8944
attended	8943
audio	8942
bone	8941
brian	8940
bullshit	8939
chamber	8938
chart	8937
circuit	8936
clothing	8935
complicated	8934
confused	8933
consequences	8932
defend	8931
divided	8930
elizabeth	8929
everyday	8928
extent	8927
fishing	8926
format	8925
gap	8924
gate	8923
gotten	8922
harm	8921
healthcare	8920
household	8919
immigration	8918
impressive	8917
jews	8916
joining	8915
killer	8914
lesson	8913
limits	8912
loving	8911
ltd	8910
managers	8909
membership	8908
miami	8907
mirror	8906
mount	8905
nights	8904
occur	8903
parking	8902
proposal	8901
province	8900
purchased	8899
recognition	8898
reputation	8897
rolling	8896
shortly	8895
situations	8894
strongly	8893
tears	8892
technique	8891
thin	8890
tied	8889
accused	8888
adventure	8887
argue	8886
assessment	8885
atmosphere	8884
awful	8883
bedroom	8882
belief	8881
bound	8880
breaks	8879
carefully	8878
cats	8877
ceo	8876
choices	8875
closing	8874
cloud	8873
colorado	8872
colors	8871
contrast	8870
courses	8869
courts	8868
donald	8867
drew	8866
egg	8865
element	8864
elsewhere	8863
establish	8862
extension	8861
files	8860
founder	8859
gear	8858
georgia	8857
hills	8856
hip	8855
hitting	8854
increases	8853
infrastructure	8852
jason	8851
locations	8850
loose	8849
machines	8848
moral	8847
offensive	8846
pa	8845
package	8844
pointed	8843
poverty	8842
processes	8841
processing	8840
qualified	8839
railway	8838
reaching	8837
ridiculous	8836
sensitive	8835
server	8834
shock	8833
silence	8832
soldier	8831
superior	8830
supporters	8829
thick	8828
threw	8827
tons	8826
transition	8825
violent	8824
voters	8823
wash	8822
acid	8821
actress	8820
administrative	8819
alan	8818
alongside	8817
angel	8816
anxiety	8815
babies	8814
bars	8813
bonus	8812
castle	8811
charity	8810
clients	8809
compare	8808
contained	8807
cooking	8806
covering	8805
curious	8804
directors	8803
discovery	8802
discussed	8801
duke	8800
egypt	8799
encourage	8798
enforcement	8797
featuring	8796
finals	8795
flash	8794
formal	8793
formula	8792
fort	8791
governments	8790
gray	8789
gross	8788
horses	8787
hungry	8786
informed	8785
innocent	8784
jeff	8783
losses	8782
luke	8781
mac	8780
math	8779
minds	8778
mistakes	8777
mystery	8776
networks	8775
olympics	8774
palace	8773
passes	8772
penalty	8771
pet	8770
phones	8769
photography	8768
producing	8767
protest	8766
publication	8765
rating	8764
refer	8763
respectively	8762
rome	8761
scheduled	8760
select	8759
silent	8758
spoken	8757
successfully	8756
suffer	8755
temple	8754
tracks	8753
trail	8752
uncle	8751
unusual	8750
waters	8749
woods	8748
yo	8747
arrival	8746
asks	8745
assault	8744
awareness	8743
badly	8742
bath	8741
captured	8740
chase	8739
components	8738
concrete	8737
dave	8736
deeply	8735
expectations	8734
explanation	8733
exposure	8732
featured	8731
fiction	8730
guarantee	8729
happiness	8728
harris	8727
hearts	8726
horrible	8725
ideal	8724
illinois	8723
injuries	8722
islamic	8721
jimmy	8720
kelly	8719
legend	8718
lieutenant	8717
mini	8716
mood	8715
muscle	8714
muslims	8713
passion	8712
picking	8711
pleased	8710
procedure	8709
producer	8708
pushing	8707
rank	8706
replacement	8705
retired	8704
roles	8703
sand	8702
savings	8701
settled	8700
shadow	8699
singles	8698
tag	8697
tape	8696
thread	8695
victoria	8694
visiting	8693
wage	8692
wings	8691
andy	8690
avenue	8689
bags	8688
beating	8687
believes	8686
blocks	8685
boring	8684
charlie	8683
checking	8682
clock	8681
commissioner	8680
commitment	8679
confident	8678
containing	8677
copies	8676
crimes	8675
custom	8674
denied	8673
desk	8672
drinks	8671
ear	8670
electricity	8669
episodes	8668
farmers	8667
fbi	8666
grounds	8665
gym	8664
helpful	8663
horror	8662
iphone	8661
iraq	8660
label	8659
liverpool	8658
locked	8657
naked	8656
ny	8655
opens	8654
output	8653
persons	8652
pitch	8651
pizza	8650
plain	8649
pushed	8648
raising	8647
rear	8646
reveal	8645
romantic	8644
scores	8643
sisters	8642
speaks	8641
stages	8640
strategic	8639
swimming	8638
welfare	8637
winners	8636
wire	8635
worker	8634
afterwards	8633
alright	8632
android	8631
anger	8630
architecture	8629
assist	8628
attempted	8627
behalf	8626
belt	8625
capture	8624
centers	8623
ceremony	8622
comic	8621
cops	8620
cuts	8619
dallas	8618
designer	8617
diamond	8616
disappointed	8615
dressed	8614
economics	8613
efficient	8612
electrical	8611
employed	8610
enjoying	8609
entering	8608
essentially	8607
establishment	8606
expecting	8605
explains	8604
flower	8603
ghost	8602
guests	8601
handed	8600
hockey	8599
houston	8598
https	8597
hunting	8596
industries	8595
islam	8594
jane	8593
judges	8592
kit	8591
lab	8590
languages	8589
maps	8588
min	8587
morgan	8586
moscow	8585
na	8584
nervous	8583
newly	8582
odd	8581
op	8580
ordinary	8579
participate	8578
philadelphia	8577
prayer	8576
principles	8575
racist	8574
rarely	8573
references	8572
sexy	8571
skill	8570
soil	8569
solve	8568
stomach	8567
struck	8566
studying	8565
suck	8564
supports	8563
trash	8562
ugly	8561
vegas	8560
virus	8559
walker	8558
whoever	8557
amounts	8556
anthony	8555
arthur	8554
aspect	8553
banned	8552
boost	8551
bureau	8550
colonel	8549
comfort	8548
controls	8547
cousin	8546
crack	8545
deck	8544
demands	8543
dies	8542
dragon	8541
dramatic	8540
dust	8539
dutch	8538
engineers	8537
evolution	8536
foods	8535
hired	8534
illness	8533
inspiration	8532
institution	8531
kings	8530
knife	8529
lately	8528
lowest	8527
memorial	8526
mexican	8525
minority	8524
mum	8523
opinions	8522
patterns	8521
presents	8520
priority	8519
promotion	8518
rail	8517
readers	8516
remote	8515
repair	8514
root	8513
saint	8512
steal	8511
stolen	8510
telephone	8509
tho	8508
titles	8507
trans	8506
ups	8505
vol	8504
whereas	8503
abandoned	8502
acquired	8501
actors	8500
alexander	8499
alliance	8498
annoying	8497
ap	8496
bid	8495
bro	8494
buddy	8493
buried	8492
butter	8491
cares	8490
columbia	8489
conclusion	8488
confirm	8487
congratulations	8486
contracts	8485
convinced	8484
crap	8483
crystal	8482
dean	8481
decent	8480
decline	8479
delay	8478
describes	8477
desert	8476
downtown	8475
elite	8474
enemies	8473
forgotten	8472
forth	8471
gods	8470
hire	8469
hop	8468
hopes	8467
insane	8466
installed	8465
israeli	8464
landing	8463
layer	8462
managing	8461
marry	8460
nah	8459
nowhere	8458
nurse	8457
obtain	8456
organic	8455
ownership	8454
participants	8453
pennsylvania	8452
poetry	8451
pot	8450
pray	8449
printed	8448
recall	8447
rugby	8446
sake	8445
sheet	8444
signing	8443
smooth	8442
spiritual	8441
stops	8440
string	8439
sudden	8438
sweden	8437
syria	8436
throwing	8435
thrown	8434
vacation	8433
abroad	8432
arab	8431
assigned	8430
associate	8429
assumed	8428
atlantic	8427
bench	8426
bother	8425
broadcast	8424
bye	8423
cambridge	8422
citizen	8421
cleaning	8420
compete	8419
consists	8418
consumers	8417
contributed	8416
cricket	8415
critics	8414
damaged	8413
disaster	8412
discover	8411
disney	8410
entrance	8409
equally	8408
fallen	8407
figured	8406
fitness	8405
francis	8404
friendship	8403
gary	8402
handling	8401
idiot	8400
intense	8399
keys	8398
lawyers	8397
lifetime	8396
liquid	8395
makeup	8394
medal	8393
mortgage	8392
narrative	8391
narrow	8390
nba	8389
observed	8388
occasionally	8387
pan	8386
physics	8385
posting	8384
potentially	8383
reduction	8382
reflect	8381
refuse	8380
researchers	8379
resource	8378
roger	8377
ross	8376
sciences	8375
seattle	8374
serves	8373
shell	8372
silly	8371
subsequent	8370
towns	8369
translation	8368
visible	8367
yep	8366
adds	8365
allen	8364
amendment	8363
angle	8362
arizona	8361
arrive	8360
belong	8359
berlin	8358
bishop	8357
channels	8356
clark	8355
commonly	8354
connect	8353
defensive	8352
designs	8351
efficiency	8350
enterprise	8349
experiment	8348
feb	8347
females	8346
findings	8345
firms	8344
forum	8343
gifts	8342
grass	8341
hence	8340
increasingly	8339
incredibly	8338
iv	8337
jay	8336
journalist	8335
kicked	8334
lessons	8333
lists	8332
maintained	8331
mill	8330
mo	8329
occasion	8328
oxford	8327
pace	8326
passenger	8325
pen	8324
pope	8323
possession	8322
pp	8321
races	8320
rapid	8319
regulation	8318
resident	8317
rocks	8316
shaped	8315
sixth	8314
spin	8313
styles	8312
subjects	8311
sucks	8310
suitable	8309
thirty	8308
valid	8307
vital	8306
whilst	8305
agriculture	8304
alleged	8303
anna	8302
atlanta	8301
bands	8300
christians	8299
collect	8298
commerce	8297
cop	8296
creek	8295
currency	8294
emotions	8293
exhibition	8292
fraud	8291
funeral	8290
genuine	8289
gordon	8288
honey	8287
honour	8286
hook	8285
hunter	8284
immigrants	8283
improving	8282
instructions	8281
introduce	8280
kansas	8279
km	8278
lands	8277
legacy	8276
log	8275
matthew	8274
merely	8273
monitor	8272
nov	8271
patrick	8270
phil	8269
prisoners	8268
programming	8267
publishing	8266
ratio	8265
regret	8264
rejected	8263
remind	8262
resort	8261
resulted	8260
reverse	8259
routine	8258
scary	8257
seed	8256
settle	8255
sin	8254
spell	8253
summary	8252
survival	8251
sword	8250
tongue	8249
ward	8248
waves	8247
wayne	8246
achievement	8245
anderson	8244
argued	8243
asleep	8242
austin	8241
automatic	8240
begun	8239
behaviour	8238
cd	8237
cents	8236
coat	8235
comprehensive	8234
consent	8233
daddy	8232
destruction	8231
diego	8230
diseases	8229
divorce	8228
doc	8227
drove	8226
ears	8225
engage	8224
extraordinary	8223
fate	8222
frequency	8221
gaming	8220
gene	8219
glory	8218
headquarters	8217
heritage	8216
initiative	8215
interviews	8214
jean	8213
juice	8212
landscape	8211
logic	8210
meets	8209
melbourne	8208
microsoft	8207
objective	8206
organisation	8205
privacy	8204
procedures	8203
profits	8202
reducing	8201
regard	8200
representing	8199
residence	8198
roughly	8197
salary	8196
scoring	8195
script	8194
searching	8193
sections	8192
strip	8191
surrounded	8190
threatened	8189
transferred	8188
tube	8187
universities	8186
walter	8185
wisconsin	8184
writes	8183
ambassador	8182
ann	8181
apps	8180
awarded	8179
banking	8178
breast	8177
cant	8176
carter	8175
chelsea	8174
chemistry	8173
concluded	8172
consumption	8171
corruption	8170
cotton	8169
crossed	8168
detroit	8167
discount	8166
dozen	8165
engines	8164
epic	8163
exception	8162
exit	8161
expand	8160
fancy	8159
gorgeous	8158
grateful	8157
heroes	8156
holes	8155
impression	8154
inches	8153
indicate	8152
input	8151
johnny	8150
josh	8149
knock	8148
leather	8147
lips	8146
luxury	8145
lyrics	8144
manufacturers	8143
masters	8142
movements	8141
oct	8140
operated	8139
ought	8138
outcome	8137
painted	8136
poll	8135
preferred	8134
pulling	8133
ranked	8132
referring	8131
removal	8130
rep	8129
reporter	8128
rio	8127
risks	8126
rob	8125
screaming	8124
sept	8123
sequence	8122
singapore	8121
stretch	8120
tear	8119
tennis	8118
terrorist	8117
theater	8116
ties	8115
twelve	8114
versions	8113
virgin	8112
voices	8111
wishes	8110
wolf	8109
absence	8108
agricultural	8107
asshole	8106
ate	8105
athletes	8104
bears	8103
blues	8102
boxes	8101
bruce	8100
bull	8099
cameras	8098
commonwealth	8097
contribute	8096
contribution	8095
contributions	8094
couples	8093
delicious	8092
deny	8091
deserves	8090
ease	8089
extend	8088
fame	8087
flood	8086
generated	8085
genetic	8084
glasses	8083
impressed	8082
indicated	8081
instant	8080
investors	8079
involves	8078
kate	8077
kills	8076
liberty	8075
maria	8074
ministers	8073
monitoring	8072
occurs	8071
passengers	8070
photographs	8069
principle	8068
producers	8067
progressive	8066
punishment	8065
rally	8064
rapidly	8063
reader	8062
representation	8061
restaurants	8060
reveals	8059
roots	8058
samples	8057
shops	8056
sum	8055
swing	8054
tail	8053
texts	8052
twin	8051
upcoming	8050
veterans	8049
alert	8048
arena	8047
arguments	8046
aug	8045
billy	8044
boom	8043
boots	8042
brave	8041
claiming	8040
column	8039
commit	8038
compensation	8037
composition	8036
computers	8035
conservation	8034
constitutional	8033
crossing	8032
defending	8031
density	8030
di	8029
difficulty	8028
dropping	8027
drops	8026
elementary	8025
ethnic	8024
expenses	8023
fleet	8022
foster	8021
fuckin	8020
fundamental	8019
gen	8018
genius	8017
greatly	8016
guidance	8015
hospitals	8014
infection	8013
instagram	8012
intention	8011
iowa	8010
jokes	8009
knee	8008
mechanical	8007
nigeria	8006
parks	8005
participation	8004
periods	8003
precious	8002
pregnancy	8001
premium	8000
preparing	7999
pretend	7998
priest	7997
prominent	7996
proven	7995
radical	7994
remembered	7993
requested	7992
residential	7991
reward	7990
rings	7989
robin	7988
russell	7987
satellite	7986
shake	7985
shore	7984
spots	7983
stats	7982
struggling	7981
substantial	7980
teen	7979
temperatures	7978
transmission	7977
trap	7976
uniform	7975
wildlife	7974
wooden	7973
ads	7972
aggressive	7971
anne	7970
answered	7969
apparent	7968
bang	7967
blast	7966
bones	7965
brands	7964
centuries	7963
communist	7962
complaint	7961
component	7960
connections	7959
courage	7958
cure	7957
del	7956
desperate	7955
diversity	7954
duties	7953
encouraged	7952
eve	7951
faculty	7950
feedback	7949
fighter	7948
frozen	7947
guards	7946
hiding	7945
humanity	7944
ian	7943
il	7942
innovation	7941
instruments	7940
invest	7939
jacket	7938
justin	7937
legislative	7936
listing	7935
manual	7934
mothers	7933
murdered	7932
nursing	7931
occupied	7930
ongoing	7929
operator	7928
painful	7927
pound	7926
preparation	7925
punch	7924
purple	7923
railroad	7922
registration	7921
releases	7920
rick	7919
romance	7918
submitted	7917
sufficient	7916
survived	7915
suspended	7914
technologies	7913
tissue	7912
trailer	7911
trends	7910
trials	7909
ukraine	7908
underground	7907
versus	7906
virtual	7905
walks	7904
wounded	7903
ali	7902
amongst	7901
announcement	7900
arranged	7899
arsenal	7898
attending	7897
attracted	7896
biological	7895
bite	7894
blocked	7893
boards	7892
burned	7891
categories	7890
checks	7889
chip	7888
concerning	7887
dare	7886
database	7885
define	7884
discrimination	7883
disorder	7882
distributed	7881
districts	7880
documentary	7879
domain	7878
dynamic	7877
edited	7876
engagement	7875
explore	7874
favour	7873
fewer	7872
footage	7871
giants	7870
grave	7869
hamilton	7868
implementation	7867
indiana	7866
investigate	7865
jazz	7864
jon	7863
jonathan	7862
laboratory	7861
lawrence	7860
lincoln	7859
literary	7858
mask	7857
massachusetts	7856
midnight	7855
minnesota	7854
mouse	7853
oscar	7852
packed	7851
piano	7850
praise	7849
presentation	7848
psychology	7847
relation	7846
restrictions	7845
rocket	7844
ruin	7843
saudi	7842
sean	7841
sec	7840
secrets	7839
slave	7838
stability	7837
steady	7836
stones	7835
symbol	7834
terminal	7833
toilet	7832
treaty	7831
triple	7830
unlikely	7829
updates	7828
vietnam	7827
viewed	7826
affair	7825
agenda	7824
bat	7823
bow	7822
calendar	7821
cape	7820
collective	7819
conversations	7818
cooperation	7817
craft	7816
darkness	7815
deeper	7814
devil	7813
edit	7812
enable	7811
equity	7810
estimates	7809
failing	7808
finishing	7807
fortune	7806
gates	7805
goodbye	7804
graham	7803
hardware	7802
hillary	7801
hurts	7800
intellectual	7799
invite	7798
involvement	7797
kentucky	7796
madrid	7795
mi	7794
nuts	7793
oregon	7792
partly	7791
petition	7790
phrase	7789
physically	7788
protecting	7787
racial	7786
rated	7785
regime	7784
rivers	7783
rounds	7782
ruled	7781
sa	7780
sauce	7779
seal	7778
separated	7777
shield	7776
similarly	7775
slide	7774
stem	7773
summit	7772
talented	7771
throat	7770
tiger	7769
touched	7768
toy	7767
visits	7766
warriors	7765
wisdom	7764
accounting	7763
alien	7762
attacking	7761
awkward	7760
beast	7759
beef	7758
candy	7757
carrier	7756
celebration	7755
celebrity	7754
certificate	7753
cited	7752
clay	7751
coaching	7750
colleagues	7749
constructed	7748
dated	7747
dec	7746
default	7745
delhi	7744
derived	7743
dialogue	7742
disabled	7741
distinct	7740
drag	7739
educated	7738
eligible	7737
estimate	7736
execution	7735
existed	7734
fifty	7733
followers	7732
fool	7731
framework	7730
franchise	7729
funded	7728
furniture	7727
generations	7726
guaranteed	7725
integrated	7724
intelligent	7723
interaction	7722
jet	7721
journalists	7720
lifestyle	7719
lighting	7718
lisa	7717
loop	7716
mall	7715
mp	7714
overseas	7713
performances	7712
philippines	7711
polish	7710
recommendations	7709
recover	7708
regarded	7707
relax	7706
reliable	7705
rely	7704
remarkable	7703
responses	7702
ruling	7701
sacrifice	7700
se	7699
sole	7698
stopping	7697
strategies	7696
succeed	7695
tables	7694
tale	7693
targets	7692
timing	7691
ton	7690
volunteers	7689
witnesses	7688
wore	7687
worship	7686
worthy	7685
acted	7684
alarm	7683
bass	7682
bloody	7681
breathing	7680
butt	7679
characteristics	7678
cnn	7677
collaboration	7676
con	7675
consideration	7674
counts	7673
creates	7672
crucial	7671
daughters	7670
dependent	7669
discussions	7668
drives	7667
dual	7666
edinburgh	7665
equipped	7664
expanded	7663
experimental	7662
feeding	7661
filter	7660
galaxy	7659
globe	7658
grades	7657
greece	7656
gulf	7655
highlights	7654
hoped	7653
intent	7652
involve	7651
judgment	7650
kennedy	7649
knight	7648
larry	7647
las	7646
lmao	7645
logo	7644
malaysia	7643
mature	7642
moore	7641
nazi	7640
netherlands	7639
odds	7638
peaceful	7637
philip	7636
photographer	7635
pin	7634
prevention	7633
printing	7632
promoting	7631
publicly	7630
pump	7629
repeated	7628
replied	7627
requests	7626
revenge	7625
satisfied	7624
seeds	7623
signals	7622
slip	7621
spaces	7620
spare	7619
specialist	7618
stocks	7617
stranger	7616
submit	7615
surprising	7614
tap	7613
thompson	7612
threats	7611
tourism	7610
turkish	7609
volunteer	7608
acceptable	7607
allies	7606
attempting	7605
auction	7604
bonds	7603
challenging	7602
chaos	7601
churches	7600
cleveland	7599
cm	7598
composed	7597
concentration	7596
copper	7595
corp	7594
corps	7593
counting	7592
credits	7591
dawn	7590
dispute	7589
earnings	7588
editing	7587
executed	7586
firing	7585
fits	7584
frequent	7583
gardens	7582
gathered	7581
hilarious	7580
huh	7579
ignored	7578
improvements	7577
investments	7576
isis	7575
margin	7574
mars	7573
maryland	7572
mechanism	7571
moderate	7570
murray	7569
oklahoma	7568
opera	7567
overcome	7566
parallel	7565
passage	7564
pit	7563
psychological	7562
publications	7561
quest	7560
radiation	7559
shocked	7558
sized	7557
stroke	7556
stunning	7555
tanks	7554
tokyo	7553
topics	7552
trains	7551
traveling	7550
treating	7549
tune	7548
utility	7547
vessel	7546
weed	7545
wherever	7544
acquisition	7543
addressed	7542
alabama	7541
alice	7540
angels	7539
anime	7538
announce	7537
autumn	7536
backed	7535
barry	7534
bold	7533
borders	7532
breathe	7531
cameron	7530
choosing	7529
classical	7528
classified	7527
clip	7526
coaches	7525
coins	7524
concepts	7523
conspiracy	7522
controversy	7521
convince	7520
cooper	7519
disappeared	7518
eh	7517
encounter	7516
equality	7515
exam	7514
examination	7513
fails	7512
federation	7511
fi	7510
fiscal	7509
guardian	7508
hd	7507
homeless	7506
instrument	7505
intervention	7504
jerry	7503
lover	7502
mainstream	7501
menu	7500
missouri	7499
mounted	7498
mutual	7497
nope	7496
occasions	7495
offense	7494
oral	7493
panic	7492
pays	7491
peoples	7490
pursue	7489
realise	7488
refugees	7487
removing	7486
requirement	7485
responded	7484
rip	7483
ruined	7482
scope	7481
segment	7480
spectrum	7479
stays	7478
ted	7477
terror	7476
uh	7475
va	7474
venture	7473
virtually	7472
waited	7471
warren	7470
worn	7469
yea	7468
ac	7467
accompanied	7466
adams	7465
aids	7464
aimed	7463
alpha	7462
approaches	7461
arguing	7460
arrangement	7459
beliefs	7458
boats	7457
boundaries	7456
brick	7455
brooklyn	7454
colleges	7453
considerable	7452
conventional	7451
danny	7450
des	7449
designated	7448
dvd	7447
emperor	7446
employers	7445
enormous	7444
errors	7443
focusing	7442
forgive	7441
gains	7440
garage	7439
gathering	7438
guidelines	7437
handled	7436
hosted	7435
indians	7434
indonesia	7433
inquiry	7432
inspector	7431
jumped	7430
khan	7429
li	7428
lion	7427
loaded	7426
lonely	7425
maintaining	7424
measured	7423
mercy	7422
nevertheless	7421
newspapers	7420
outer	7419
oxygen	7418
pipe	7417
pissed	7416
poem	7415
powder	7414
powered	7413
promises	7412
quotes	7411
racism	7410
ratings	7409
reads	7408
recovered	7407
refers	7406
roy	7405
rude	7404
screw	7403
seventh	7402
shelter	7401
signature	7400
sooner	7399
spider	7398
stewart	7397
strikes	7396
suggesting	7395
suits	7394
toys	7393
tracking	7392
tribute	7391
trigger	7390
vary	7389
venue	7388
wages	7387
wells	7386
wheels	7385
ye	7384
abc	7383
abortion	7382
accuracy	7381
albert	7380
applying	7379
artificial	7378
belongs	7377
beneath	7376
bitcoin	7375
bullet	7374
burns	7373
carl	7372
celebrated	7371
consistently	7370
conversion	7369
copyright	7368
counties	7367
democrat	7366
deposit	7365
destination	7364
dirt	7363
diverse	7362
divine	7361
emails	7360
er	7359
exclusively	7358
export	7357
fastest	7356
formerly	7355
functional	7354
gather	7353
grandfather	7352
habit	7351
harvard	7350
indicates	7349
isolated	7348
jealous	7347
knocked	7346
landed	7345
laughed	7344
laura	7343
lazy	7342
mama	7341
marshall	7340
mitchell	7339
modified	7338
municipal	7337
naval	7336
neighbors	7335
nelson	7334
neutral	7333
noble	7332
oldest	7331
pat	7330
picks	7329
poland	7328
popularity	7327
professionals	7326
pussy	7325
reactions	7324
relate	7323
robot	7322
sacred	7321
securities	7320
shoe	7319
speakers	7318
springs	7317
spy	7316
steven	7315
suggestions	7314
supplied	7313
susan	7312
suspension	7311
terrorism	7310
terry	7309
toxic	7308
treasury	7307
tunnel	7306
unions	7305
upgrade	7304
warrant	7303
wider	7302
wound	7301
aaron	7300
actively	7299
afghanistan	7298
ai	7297
applies	7296
arrangements	7295
asset	7294
assuming	7293
backing	7292
baker	7291
barcelona	7290
blessed	7289
brazilian	7288
brush	7287
burden	7286
campbell	7285
carries	7284
casual	7283
certified	7282
charter	7281
chef	7280
civilian	7279
coalition	7278
cock	7277
complain	7276
complaints	7275
controversial	7274
denver	7273
describing	7272
differently	7271
directions	7270
discipline	7269
discussing	7268
disgusting	7267
dj	7266
dominant	7265
earning	7264
emma	7263
essay	7262
expense	7261
explaining	7260
furthermore	7259
graphic	7258
greg	7257
healing	7256
hiring	7255
hosts	7254
implemented	7253
instantly	7252
invasion	7251
jacob	7250
jumping	7249
laptop	7248
legendary	7247
leo	7246
maker	7245
margaret	7244
mario	7243
opponents	7242
outdoor	7241
palm	7240
parker	7239
photograph	7238
pole	7237
pub	7236
quarters	7235
queensland	7234
rangers	7233
ranks	7232
reception	7231
recipe	7230
regulatory	7229
reviewed	7228
rolls	7227
rubber	7226
secured	7225
serial	7224
settings	7223
shed	7222
snake	7221
sponsored	7220
stealing	7219
strict	7218
subsequently	7217
substance	7216
suggestion	7215
switzerland	7214
syndrome	7213
tasks	7212
trips	7211
ultra	7210
unexpected	7209
usage	7208
utah	7207
worlds	7206
accidentally	7205
affordable	7204
amateur	7203
appeals	7202
argentina	7201
baltimore	7200
batman	7199
bearing	7198
beats	7197
bin	7196
biology	7195
bobby	7194
briefly	7193
canal	7192
cancelled	7191
charlotte	7190
cheaper	7189
christopher	7188
climb	7187
com	7186
competing	7185
completion	7184
cruise	7183
custody	7182
delete	7181
demonstrated	7180
departure	7179
developers	7178
developments	7177
dig	7176
eagles	7175
employer	7174
evans	7173
explosion	7172
fever	7171
fluid	7170
folk	7169
generate	7168
gop	7167
handsome	7166
ho	7165
holidays	7164
hotels	7163
imagination	7162
integration	7161
integrity	7160
interpretation	7159
leaf	7158
legitimate	7157
lightning	7156
loads	7155
longest	7154
magical	7153
mills	7152
motivation	7151
nasty	7150
oliver	7149
outfit	7148
pension	7147
permit	7146
perry	7145
plates	7144
pleasant	7143
portrait	7142
productive	7141
reminds	7140
reserves	7139
ron	7138
safely	7137
shirts	7136
shorter	7135
slight	7134
socialist	7133
streaming	7132
sue	7131
targeted	7130
tension	7129
thailand	7128
theories	7127
touching	7126
transactions	7125
twist	7124
ugh	7123
unemployment	7122
unity	7121
useless	7120
viewers	7119
winds	7118
woke	7117
wtf	7116
abilities	7115
advocate	7114
aims	7113
arc	7112
backup	7111
beaten	7110
bitter	7109
blown	7108
branches	7107
campaigns	7106
chips	7105
cia	7104
clever	7103
clinic	7102
closest	7101
collections	7100
continuous	7099
converted	7098
correctly	7097
creator	7096
creatures	7095
criteria	7094
declined	7093
detective	7092
difficulties	7091
disability	7090
dish	7089
douglas	7088
du	7087
duck	7086
egyptian	7085
ep	7084
evaluation	7083
excess	7082
farming	7081
fence	7080
fifa	7079
fighters	7078
flights	7077
forcing	7076
forming	7075
franklin	7074
fred	7073
gradually	7072
gravity	7071
habits	7070
hawaii	7069
highlight	7068
holder	7067
hood	7066
hung	7065
identical	7064
imperial	7063
investigations	7062
jose	7061
ken	7060
legally	7059
lied	7058
listened	7057
males	7056
manufacturer	7055
meters	7054
nail	7053
nasa	7052
negotiations	7051
nonsense	7050
ontario	7049
operational	7048
orleans	7047
owns	7046
phoenix	7045
playoffs	7044
poet	7043
quoted	7042
relating	7041
repeatedly	7040
robinson	7039
rolled	7038
scientist	7037
sink	7036
skip	7035
slavery	7034
snap	7033
sorts	7032
souls	7031
stole	7030
swedish	7029
swim	7028
swiss	7027
tennessee	7026
transaction	7025
transformation	7024
veteran	7023
vulnerable	7022
wealthy	7021
additionally	7020
amy	7019
attract	7018
barbara	7017
beta	7016
blowing	7015
bored	7014
bronze	7013
bug	7012
caring	7011
catching	7010
cave	7009
cheating	7008
chronic	7007
cleared	7006
communicate	7005
convicted	7004
cultures	7003
dealt	7002
delayed	7001
demonstrate	7000
departments	6999
depend	6998
developer	6997
diagnosis	6996
dismissed	6995
distinguished	6994
dose	6993
eighth	6992
experiments	6991
fa	6990
flesh	6989
flip	6988
forty	6987
generous	6986
germans	6985
hated	6984
hr	6983
implement	6982
incorporated	6981
influenced	6980
jerusalem	6979
kidding	6978
laser	6977
loyal	6976
marijuana	6975
md	6974
mentally	6973
missions	6972
occupation	6971
opponent	6970
paintings	6969
patch	6968
patience	6967
pic	6966
pointing	6965
pollution	6964
precisely	6963
prisoner	6962
privilege	6961
proposals	6960
protests	6959
punk	6958
radar	6957
regards	6956
relatives	6955
resist	6954
solely	6953
stepped	6952
striking	6951
terrorists	6950
th	6949
tourist	6948
transit	6947
trucks	6946
trusted	6945
vessels	6944
villa	6943
volumes	6942
websites	6941
wireless	6940
wondered	6939
wrap	6938
wright	6937
yoga	6936
adopt	6935
airlines	6934
alaska	6933
albums	6932
anytime	6931
bacteria	6930
beings	6929
beside	6928
blade	6927
boot	6926
bottles	6925
bucks	6924
bulk	6923
camps	6922
cargo	6921
census	6920
christianity	6919
coastal	6918
coin	6917
colored	6916
commentary	6915
confusion	6914
congressional	6913
corn	6912
cried	6911
customs	6910
dealer	6909
deemed	6908
destiny	6907
distant	6906
electronics	6905
emerging	6904
emotion	6903
emphasis	6902
ethics	6901
excitement	6900
exploration	6899
fights	6898
filling	6897
filming	6896
glasgow	6895
graphics	6894
helen	6893
humor	6892
insight	6891
invested	6890
jennifer	6889
lit	6888
louisiana	6887
mar	6886
marie	6885
meals	6884
mississippi	6883
nerve	6882
netflix	6881
nightmare	6880
operators	6879
overnight	6878
partially	6877
participating	6876
pie	6875
platforms	6874
populations	6873
poster	6872
pr	6871
practically	6870
preserve	6869
produces	6868
qualify	6867
raid	6866
ram	6865
ranging	6864
ranking	6863
receives	6862
respective	6861
restricted	6860
routes	6859
samuel	6858
sandy	6857
scenario	6856
sheep	6855
situated	6854
slaves	6853
sony	6852
spotted	6851
spreading	6850
stanley	6849
sustainable	6848
sustained	6847
taxi	6846
themes	6845
threatening	6844
tobacco	6843
trace	6842
trapped	6841
turner	6840
uncomfortable	6839
wasted	6838
weakness	6837
widespread	6836
xbox	6835
accepting	6834
accessible	6833
acknowledge	6832
advised	6831
advisory	6830
animation	6829
assignment	6828
balanced	6827
bare	6826
basement	6825
bases	6824
battles	6823
bias	6822
birmingham	6821
bits	6820
cancel	6819
carpet	6818
ceiling	6817
cherry	6816
chill	6815
classification	6814
clue	6813
codes	6812
cole	6811
collapse	6810
collecting	6809
compound	6808
conscious	6807
consecutive	6806
contents	6805
costume	6804
craig	6803
deleted	6802
devoted	6801
didnt	6800
displayed	6799
dominated	6798
earl	6797
endless	6796
escaped	6795
examine	6794
floating	6793
garbage	6792
gospel	6791
grain	6790
grid	6789
grows	6788
heating	6787
identification	6786
knees	6785
lap	6784
lions	6783
liver	6782
metro	6781
metropolitan	6780
mines	6779
mixture	6778
nominated	6777
oak	6776
parliamentary	6775
patent	6774
perception	6773
physician	6772
portland	6771
proceed	6770
proceedings	6769
pupils	6768
reserved	6767
restore	6766
rifle	6765
rival	6764
rs	6763
runner	6762
sadly	6761
sc	6760
shoulders	6759
significance	6758
sits	6757
sizes	6756
slept	6755
soap	6754
spray	6753
stored	6752
stressed	6751
structural	6750
suite	6749
tbh	6748
tropical	6747
ukrainian	6746
unnecessary	6745
verse	6744
victor	6743
vintage	6742
warned	6741
watson	6740
acres	6739
adapted	6738
adoption	6737
anonymous	6736
antonio	6735
approaching	6734
artistic	6733
attendance	6732
aviation	6731
barrel	6730
beds	6729
beloved	6728
bless	6727
boxing	6726
celebrating	6725
charging	6724
chemicals	6723
chuck	6722
cinema	6721
colonial	6720
comics	6719
compliance	6718
contrary	6717
controlling	6716
corporations	6715
couch	6714
crush	6713
dam	6712
decrease	6711
defeated	6710
diabetes	6709
dressing	6708
expanding	6707
fears	6706
fires	6705
genre	6704
gentle	6703
grammar	6702
hiv	6701
idk	6700
illustrated	6699
invented	6698
jake	6697
jam	6696
jamie	6695
jessica	6694
keith	6693
kent	6692
layers	6691
lease	6690
lens	6689
licensed	6688
loyalty	6687
madison	6686
magnetic	6685
metres	6684
monsters	6683
mysterious	6682
notion	6681
partial	6680
piss	6679
placing	6678
propaganda	6677
rat	6676
reflection	6675
reminded	6674
resolve	6673
revolutionary	6672
scandal	6671
shine	6670
si	6669
simultaneously	6668
substitute	6667
surveillance	6666
tactics	6665
testimony	6664
thai	6663
treasure	6662
trophy	6661
tweet	6660
tyler	6659
underlying	6658
unfair	6657
villages	6656
von	6655
wa	6654
acceptance	6653
accidents	6652
affects	6651
annually	6650
apologize	6649
appreciated	6648
approached	6647
arriving	6646
ash	6645
aunt	6644
benjamin	6643
blake	6642
bubble	6641
buyers	6640
casino	6639
charts	6638
clouds	6637
connecting	6636
counsel	6635
creature	6634
deadly	6633
decides	6632
der	6631
desired	6630
determination	6629
embrace	6628
emerged	6627
exhibit	6626
flew	6625
gentleman	6624
gm	6623
halloween	6622
hammer	6621
hitler	6620
hosting	6619
icon	6618
imposed	6617
indigenous	6616
infinite	6615
installation	6614
inter	6613
interactions	6612
introducing	6611
iranian	6610
kicking	6609
laying	6608
legislature	6607
liability	6606
maine	6605
makers	6604
manhattan	6603
marathon	6602
marvel	6601
michelle	6600
moreover	6599
mps	6598
neil	6597
organisations	6596
ours	6595
parade	6594
paradise	6593
perceived	6592
pics	6591
planes	6590
politician	6589
preliminary	6588
premiere	6587
presidency	6586
reaches	6585
react	6584
realistic	6583
remarks	6582
retain	6581
roberts	6580
rocky	6579
russians	6578
saints	6577
satisfaction	6576
scratch	6575
shade	6574
sheets	6573
sheriff	6572
shy	6571
sometime	6570
spirits	6569
sporting	6568
strictly	6567
sunshine	6566
teens	6565
thou	6564
tier	6563
tommy	6562
travelling	6561
vancouver	6560
vocal	6559
warrior	6558
worries	6557
yield	6556
accomplished	6555
admission	6554
adventures	6553
aka	6552
appearing	6551
bacon	6550
barrier	6549
belgium	6548
believing	6547
blacks	6546
bombs	6545
burst	6544
caps	6543
casting	6542
cattle	6541
cc	6540
classroom	6539
collins	6538
colours	6537
compromise	6536
convenient	6535
costa	6534
criminals	6533
crop	6532
earthquake	6531
elderly	6530
eliminate	6529
embarrassing	6528
farmer	6527
finest	6526
grants	6525
harbor	6524
harvey	6523
hates	6522
incidents	6521
inform	6520
ion	6519
jeremy	6518
lesbian	6517
lovers	6516
lt	6515
mathematics	6514
medication	6513
minded	6512
morris	6511
norway	6510
par	6509
podcast	6508
portfolio	6507
productivity	6506
promoted	6505
protocol	6504
quietly	6503
rachel	6502
replacing	6501
responsibilities	6500
salad	6499
scholarship	6498
screening	6497
sends	6496
smiling	6495
soup	6494
southeast	6493
stake	6492
stating	6491
strain	6490
suspected	6489
swift	6488
tackle	6487
tigers	6486
timeline	6485
torture	6484
traded	6483
translated	6482
tricks	6481
twins	6480
urgent	6479
vegetables	6478
vertical	6477
violation	6476
wallet	6475
welsh	6474
workshop	6473
wrapped	6472
aboard	6471
abstract	6470
accent	6469
addiction	6468
associates	6467
awake	6466
beam	6465
beans	6464
binding	6463
blank	6462
buffalo	6461
cbs	6460
commons	6459
conservatives	6458
contacts	6457
conviction	6456
corrupt	6455
cow	6454
curve	6453
depressed	6452
deserved	6451
dining	6450
disorders	6449
duration	6448
eddie	6447
emily	6446
encouraging	6445
farms	6444
fifteen	6443
flows	6442
ga	6441
genes	6440
graduated	6439
grandmother	6438
harsh	6437
heights	6436
horn	6435
hurry	6434
immune	6433
inflation	6432
ingredients	6431
inspection	6430
install	6429
instruction	6428
intensity	6427
inventory	6426
investigated	6425
invitation	6424
judicial	6423
justify	6422
kyle	6421
lakes	6420
lean	6419
lecture	6418
libraries	6417
logical	6416
mason	6415
meaningful	6414
migration	6413
missile	6412
motivated	6411
muscles	6410
nancy	6409
norman	6408
northwest	6407
nurses	6406
organ	6405
patrol	6404
pearl	6403
peer	6402
pepper	6401
pig	6400
pile	6399
plug	6398
provision	6397
releasing	6396
requiring	6395
revised	6394
rod	6393
scream	6392
stairs	6391
staring	6390
statistical	6389
sticks	6388
strangers	6387
succeeded	6386
sweat	6385
switched	6384
syrian	6383
tattoo	6382
teenage	6381
thunder	6380
tours	6379
tragedy	6378
trauma	6377
vincent	6376
wrestling	6375
zoo	6374
accordance	6373
acquire	6372
activist	6371
activists	6370
addresses	6369
alike	6368
applicable	6367
arrow	6366
availability	6365
aw	6364
ba	6363
bend	6362
boundary	6361
breach	6360
cabin	6359
cage	6358
chancellor	6357
cheers	6356
circles	6355
closet	6354
combine	6353
companion	6352
comparing	6351
consciousness	6350
consultant	6349
controller	6348
corresponding	6347
courtesy	6346
cuba	6345
damages	6344
demanding	6343
disc	6342
dishes	6341
dozens	6340
eagle	6339
eaten	6338
embassy	6337
engaging	6336
fascinating	6335
financing	6334
fitted	6333
flexible	6332
gaining	6331
gentlemen	6330
goodness	6329
guilt	6328
haven	6327
helicopter	6326
homework	6325
households	6324
hp	6323
iconic	6322
infected	6321
keen	6320
kenya	6319
lesser	6318
liberals	6317
lip	6316
mandatory	6315
manufactured	6314
mechanics	6313
mere	6312
miracle	6311
mt	6310
mud	6309
murphy	6308
nathan	6307
observation	6306
operates	6305
owe	6304
permitted	6303
phenomenon	6302
pittsburgh	6301
playoff	6300
precise	6299
profession	6298
prospect	6297
protective	6296
providers	6295
publisher	6294
putin	6293
reportedly	6292
retreat	6291
rookie	6290
sandwich	6289
seeks	6288
sentences	6287
separation	6286
sexually	6285
ski	6284
skilled	6283
sterling	6282
stuart	6281
surgeon	6280
theft	6279
um	6278
understands	6277
valve	6276
visa	6275
washing	6274
adjacent	6273
agreements	6272
appreciation	6271
arabia	6270
athletic	6269
authorized	6268
banner	6267
beijing	6266
blew	6265
blocking	6264
brad	6263
caribbean	6262
charm	6261
chasing	6260
climbing	6259
colony	6258
complaining	6257
cookies	6256
cruel	6255
curriculum	6254
deadline	6253
deer	6252
delta	6251
demanded	6250
dive	6249
divide	6248
easter	6247
electoral	6246
eleven	6245
entity	6244
excessive	6243
exercises	6242
feminist	6241
governing	6240
ham	6239
heal	6238
interface	6237
ios	6236
jewelry	6235
journalism	6234
juan	6233
julia	6232
jungle	6231
linear	6230
mg	6229
occasional	6228
oriented	6227
pete	6226
pilots	6225
prayers	6224
predicted	6223
pressed	6222
preventing	6221
prof	6220
provisions	6219
pursuit	6218
rap	6217
reflected	6216
reminder	6215
restored	6214
resume	6213
rev	6212
richmond	6211
ridge	6210
samsung	6209
scholars	6208
sealed	6207
sounded	6206
sri	6205
streams	6204
strongest	6203
tends	6202
tribe	6201
unfortunate	6200
variable	6199
victorian	6198
worrying	6197
xi	6196
zones	6195
ace	6194
adjusted	6193
alternate	6192
arrives	6191
artwork	6190
ashley	6189
athlete	6188
attraction	6187
babe	6186
bankruptcy	6185
canon	6184
capabilities	6183
cared	6182
catherine	6181
chains	6180
closure	6179
cognitive	6178
competitors	6177
connecticut	6176
convert	6175
cooked	6174
ct	6173
cups	6172
deciding	6171
defender	6170
dental	6169
diplomatic	6168
divisions	6167
drum	6166
editorial	6165
enabled	6164
entertaining	6163
est	6162
establishing	6161
eternal	6160
freeze	6159
generic	6158
grandma	6157
grip	6156
handful	6155
happily	6154
harmony	6153
hmm	6152
humble	6151
hurting	6150
hybrid	6149
intentions	6148
investing	6147
keyboard	6146
lasting	6145
locally	6144
loses	6143
mild	6142
minimal	6141
mixing	6140
molecular	6139
nearest	6138
neighbor	6137
noon	6136
nowadays	6135
openly	6134
overview	6133
pairs	6132
palestinian	6131
parish	6130
pathetic	6129
poems	6128
possibilities	6127
potato	6126
potter	6125
preference	6124
promising	6123
proportion	6122
purchases	6121
rage	6120
rd	6119
reflects	6118
respected	6117
restoration	6116
selfish	6115
sergeant	6114
silk	6113
stamp	6112
throne	6111
thy	6110
urge	6109
voter	6108
warner	6107
wasting	6106
witch	6105
advantages	6104
ally	6103
archives	6102
array	6101
assisted	6100
backs	6099
belly	6098
booth	6097
breakdown	6096
bridges	6095
brutal	6094
calculated	6093
cam	6092
centres	6091
chapters	6090
citizenship	6089
civilians	6088
cliff	6087
conflicts	6086
consensus	6085
cycling	6084
declaration	6083
dennis	6082
derby	6081
distinction	6080
donations	6079
dragons	6078
draws	6077
examined	6076
facial	6075
faithful	6074
fatal	6073
fig	6072
fitting	6071
genuinely	6070
hardest	6069
holland	6068
honored	6067
hunger	6066
hurricane	6065
implications	6064
import	6063
innovative	6062
ipad	6061
jurisdiction	6060
laughter	6059
lemon	6058
les	6057
lifted	6056
loading	6055
lung	6054
matching	6053
mighty	6052
monetary	6051
novels	6050
nutrition	6049
ore	6048
os	6047
outcomes	6046
outta	6045
pine	6044
polls	6043
poorly	6042
portugal	6041
pose	6040
pour	6039
proteins	6038
provider	6037
publish	6036
purely	6035
ralph	6034
rental	6033
resolved	6032
rewards	6031
sang	6030
seemingly	6029
senators	6028
severely	6027
shark	6026
shocking	6025
southwest	6024
ss	6023
studios	6022
survivors	6021
tales	6020
technically	6019
titled	6018
traditions	6017
unlimited	6016
washed	6015
watches	6014
advise	6013
anxious	6012
appearances	6011
bee	6010
bombing	6009
cafe	6008
carlos	6007
challenged	6006
cigarettes	6005
colin	6004
consisting	6003
cult	6002
dairy	6001
dakota	6000
darling	5999
delighted	5998
delivering	5997
destroying	5996
diary	5995
disagree	5994
disappear	5993
drill	5992
earliest	5991
edges	5990
entries	5989
euro	5988
evolved	5987
exports	5986
fixing	5985
fl	5984
flags	5983
flies	5982
forecast	5981
fr	5980
governance	5979
heated	5978
hug	5977
importantly	5976
indicating	5975
indoor	5974
influential	5973
intend	5972
invisible	5971
jeans	5970
jets	5969
julie	5968
karen	5967
lasted	5966
lawsuit	5965
leak	5964
lighter	5963
lucas	5962
marcus	5961
mentions	5960
meter	5959
mice	5958
musicians	5957
olive	5956
passionate	5955
potatoes	5954
prevented	5953
receiver	5952
recommendation	5951
riot	5950
rogers	5949
roster	5948
safer	5947
sells	5946
sentenced	5945
servant	5944
setup	5943
skull	5942
slot	5941
smash	5940
statue	5939
surprisingly	5938
surrender	5937
suspicious	5936
teenager	5935
tender	5934
thoroughly	5933
todd	5932
treatments	5931
tweeted	5930
vacuum	5929
variations	5928
vi	5927
wi	5926
wont	5925
acknowledged	5924
advances	5923
agrees	5922
allegations	5921
anticipated	5920
approve	5919
architect	5918
basin	5917
beneficial	5916
bleeding	5915
breed	5914
breeding	5913
bride	5912
broadway	5911
bros	5910
bud	5909
butler	5908
careers	5907
cartoon	5906
celebrities	5905
chick	5904
coke	5903
comparable	5902
confirmation	5901
console	5900
contractor	5899
contributing	5898
diameter	5897
dubai	5896
dublin	5895
dump	5894
duo	5893
dynamics	5892
elephant	5891
enhanced	5890
essays	5889
exhausted	5888
fabric	5887
fabulous	5886
fairy	5885
fathers	5884
focuses	5883
fold	5882
freak	5881
frustrated	5880
gambling	5879
gently	5878
glorious	5877
grief	5876
harrison	5875
historically	5874
hub	5873
hughes	5872
inevitable	5871
investigating	5870
kg	5869
labels	5868
lacking	5867
laughs	5866
layout	5865
lined	5864
lodge	5863
lords	5862
merchant	5861
merit	5860
micro	5859
myth	5858
nintendo	5857
objectives	5856
obsessed	5855
organised	5854
overwhelming	5853
pale	5852
particles	5851
pastor	5850
penalties	5849
permanently	5848
pets	5847
pockets	5846
poison	5845
predict	5844
presenting	5843
presidents	5842
pressing	5841
prints	5840
provincial	5839
raped	5838
realised	5837
rebel	5836
repairs	5835
rotation	5834
separately	5833
shaking	5832
shaw	5831
societies	5830
solved	5829
starring	5828
struggles	5827
subtle	5826
tastes	5825
throws	5824
toll	5823
tooth	5822
torn	5821
tragic	5820
trainer	5819
transformed	5818
unbelievable	5817
underneath	5816
variation	5815
viewing	5814
viral	5813
warehouse	5812
wears	5811
widow	5810
wives	5809
adjust	5808
administrator	5807
affecting	5806
allied	5805
altogether	5804
animated	5803
answering	5802
assess	5801
assumption	5800
assured	5799
austria	5798
avoided	5797
avoiding	5796
basket	5795
beard	5794
bio	5793
blanket	5792
brains	5791
bucket	5790
burger	5789
capability	5788
charming	5787
chiefs	5786
commented	5785
computing	5784
concentrate	5783
conducting	5782
consequence	5781
continent	5780
cookie	5779
cruz	5778
curse	5777
displays	5776
drain	5775
emissions	5774
ethical	5773
excellence	5772
flame	5771
forests	5770
freely	5769
fruits	5768
grabbed	5767
graduation	5766
hint	5765
horizon	5764
hostile	5763
imagined	5762
inhabitants	5761
ink	5760
inn	5759
intel	5758
kicks	5757
legends	5756
lo	5755
lucy	5754
magazines	5753
matrix	5752
measuring	5751
miserable	5750
momentum	5749
monkey	5748
montreal	5747
motorcycle	5746
nationwide	5745
nest	5744
newcastle	5743
nicely	5742
ninth	5741
nomination	5740
notable	5739
obligation	5738
optical	5737
outlook	5736
penny	5735
petty	5734
phd	5733
ports	5732
preserved	5731
programmes	5730
prospects	5729
publishers	5728
quantity	5727
quantum	5726
rainbow	5725
rebels	5724
recognised	5723
reed	5722
reign	5721
responding	5720
retained	5719
rises	5718
saves	5717
scan	5716
scare	5715
sectors	5714
shorts	5713
span	5712
specialized	5711
spencer	5710
submission	5709
sunny	5708
supporter	5707
te	5706
testament	5705
toe	5704
tops	5703
tremendous	5702
valued	5701
wounds	5700
ab	5699
accommodation	5698
achievements	5697
addressing	5696
adorable	5695
allegedly	5694
ambulance	5693
ar	5692
ashamed	5691
assure	5690
bailey	5689
ballot	5688
batteries	5687
blessing	5686
btw	5685
cemetery	5684
chambers	5683
cheat	5682
cheer	5681
chile	5680
cigarette	5679
compact	5678
completing	5677
consulting	5676
cooling	5675
corners	5674
deficit	5673
demo	5672
demon	5671
demonstration	5670
detected	5669
detection	5668
doll	5667
donated	5666
elaborate	5665
elder	5664
encountered	5663
expertise	5662
exploring	5661
fc	5660
fiber	5659
filmed	5658
fried	5657
grocery	5656
guided	5655
guinea	5654
halfway	5653
happier	5652
heels	5651
holmes	5650
hull	5649
independently	5648
indication	5647
insisted	5646
instances	5645
intensive	5644
interactive	5643
intimate	5642
laundry	5641
lbs	5640
lifting	5639
linda	5638
martial	5637
nigerian	5636
northeast	5635
observe	5634
packing	5633
panels	5632
password	5631
pokemon	5630
politically	5629
presumably	5628
pretending	5627
priorities	5626
pronounced	5625
prosecution	5624
proves	5623
pulse	5622
purchasing	5621
qualities	5620
queens	5619
rational	5618
realm	5617
reforms	5616
revenues	5615
rides	5614
ripped	5613
rope	5612
shadows	5611
shout	5610
sierra	5609
smartphone	5608
specified	5607
spectacular	5606
stan	5605
streak	5604
subscription	5603
switching	5602
technological	5601
temporarily	5600
tolerance	5599
tourists	5598
traditionally	5597
traveled	5596
treats	5595
unhappy	5594
whites	5593
yup	5592
accomplish	5591
adequate	5590
alter	5589
apology	5588
arkansas	5587
attributed	5586
beg	5585
belonging	5584
booked	5583
bout	5582
bowling	5581
brass	5580
buzz	5579
clarke	5578
comeback	5577
cos	5576
crops	5575
declare	5574
designers	5573
detect	5572
diagnosed	5571
diesel	5570
dimensions	5569
dip	5568
disturbing	5567
doesnt	5566
dot	5565
dresses	5564
dylan	5563
effectiveness	5562
eliminated	5561
ellen	5560
embarrassed	5559
exceptional	5558
filing	5557
fled	5556
foul	5555
frankly	5554
freezing	5553
graph	5552
hack	5551
hannah	5550
hatred	5549
ignorant	5548
influences	5547
interact	5546
judging	5545
knights	5544
lamp	5543
limitations	5542
majesty	5541
measurement	5540
measurements	5539
median	5538
medieval	5537
milan	5536
mobility	5535
montana	5534
murders	5533
nc	5532
ne	5531
nyc	5530
omg	5529
orientation	5528
oven	5527
owen	5526
passport	5525
penis	5524
pills	5523
planets	5522
proceeds	5521
rabbit	5520
raises	5519
ranges	5518
rats	5517
retire	5516
rhythm	5515
ruth	5514
savage	5513
servers	5512
shook	5511
shooter	5510
siblings	5509
slim	5508
someday	5507
sophisticated	5506
spam	5505
speeds	5504
stack	5503
stance	5502
static	5501
subway	5500
supportive	5499
surgical	5498
symbols	5497
tablet	5496
tent	5495
thesis	5494
tide	5493
travels	5492
wallace	5491
warfare	5490
warming	5489
weekends	5488
withdraw	5487
withdrawal	5486
youngest	5485
aging	5484
airline	5483
alternatives	5482
anyways	5481
argues	5480
audit	5479
authentic	5478
ave	5477
backwards	5476
bi	5475
blonde	5474
blows	5473
bolt	5472
brooks	5471
bugs	5470
bust	5469
clearing	5468
clips	5467
collar	5466
columbus	5465
comply	5464
cope	5463
counted	5462
crashed	5461
creepy	5460
cum	5459
denmark	5458
divorced	5457
donate	5456
drawings	5455
dried	5454
ebay	5453
echo	5452
editors	5451
edwards	5450
emotionally	5449
enhance	5448
experiencing	5447
extending	5446
finale	5445
flavor	5444
floors	5443
freaking	5442
gloves	5441
harper	5440
hart	5439
ignorance	5438
ignoring	5437
immigrant	5436
induced	5435
inspiring	5434
intermediate	5433
invention	5432
ip	5431
jesse	5430
joins	5429
joking	5428
lgbt	5427
likewise	5426
lineup	5425
logan	5424
magnificent	5423
mathematical	5422
meantime	5421
nails	5420
nevada	5419
newest	5418
nonetheless	5417
nut	5416
opposing	5415
origins	5414
orlando	5413
physicians	5412
pipeline	5411
placement	5410
planted	5409
pricing	5408
pt	5407
puerto	5406
questioning	5405
recreation	5404
renewed	5403
resigned	5402
rt	5401
shallow	5400
shanghai	5399
shitty	5398
singh	5397
sins	5396
sketch	5395
smells	5394
soda	5393
spite	5392
sponsor	5391
strengthen	5390
strings	5389
sunset	5388
taiwan	5387
thanksgiving	5386
thee	5385
thermal	5384
trades	5383
transform	5382
witnessed	5381
workplace	5380
yelling	5379
yorkshire	5378
achieving	5377
aliens	5376
amsterdam	5375
analyst	5374
arabic	5373
arctic	5372
assists	5371
bennett	5370
bristol	5369
burnt	5368
buyer	5367
calories	5366
cannabis	5365
cease	5364
championships	5363
chapel	5362
cloth	5361
conferences	5360
considers	5359
container	5358
cowboys	5357
crushed	5356
deployed	5355
differ	5354
dimensional	5353
eager	5352
elect	5351
elevated	5350
essence	5349
executives	5348
flames	5347
fork	5346
fur	5345
gps	5344
harold	5343
harvest	5342
headline	5341
hudson	5340
hype	5339
identifying	5338
impacts	5337
insist	5336
jo	5335
junk	5334
kenny	5333
kidney	5332
ladder	5331
lloyd	5330
lobby	5329
marc	5328
mechanisms	5327
mineral	5326
mob	5325
modest	5324
motors	5323
mph	5322
navigation	5321
nicholas	5320
orbit	5319
paragraph	5318
passive	5317
peninsula	5316
phillips	5315
pill	5314
pork	5313
portuguese	5312
profitable	5311
provinces	5310
ranch	5309
rays	5308
reasonably	5307
reject	5306
remainder	5305
schemes	5304
screens	5303
seized	5302
semester	5301
sentiment	5300
servants	5299
shipped	5298
socks	5297
sp	5296
sr	5295
suited	5294
supplement	5293
surviving	5292
thereby	5291
threshold	5290
til	5289
tin	5288
tires	5287
tribal	5286
tribes	5285
trunk	5284
uncertainty	5283
vampire	5282
varied	5281
verdict	5280
abandon	5279
accommodate	5278
accordingly	5277
aesthetic	5276
algorithm	5275
altered	5274
anchor	5273
angela	5272
apr	5271
arch	5270
associations	5269
au	5268
audiences	5267
axis	5266
badge	5265
bernard	5264
bizarre	5263
bounce	5262
broadcasting	5261
bs	5260
bullets	5259
buses	5258
cannon	5257
carol	5256
carriers	5255
chairs	5254
cleaned	5253
complexity	5252
confusing	5251
consultation	5250
continental	5249
convenience	5248
deliberately	5247
diamonds	5246
diana	5245
dictionary	5244
dignity	5243
dimension	5242
disappointing	5241
diving	5240
doug	5239
duncan	5238
ego	5237
enthusiasm	5236
environments	5235
equation	5234
extract	5233
favorites	5232
ferry	5231
fisher	5230
flexibility	5229
flowing	5228
fm	5227
fridge	5226
functioning	5225
fusion	5224
gauge	5223
goat	5222
graduates	5221
gut	5220
heck	5219
helmet	5218
holders	5217
ideology	5216
idiots	5215
inclusion	5214
initiatives	5213
innings	5212
insects	5211
instructor	5210
isolation	5209
ive	5208
justified	5207
keeper	5206
lamb	5205
liar	5204
machinery	5203
mansion	5202
mega	5201
mercury	5200
namely	5199
nbc	5198
needing	5197
nerves	5196
nhl	5195
observations	5194
ordering	5193
palmer	5192
paths	5191
peers	5190
pending	5189
platinum	5188
possess	5187
praised	5186
premises	5185
probability	5184
ps	5183
questioned	5182
refuses	5181
resignation	5180
rider	5179
ritual	5178
ruins	5177
shelf	5176
slam	5175
stakes	5174
starter	5173
sticking	5172
subscribe	5171
superman	5170
surfaces	5169
ta	5168
territories	5167
tire	5166
tl	5165
towers	5164
transfers	5163
utterly	5162
voltage	5161
warn	5160
width	5159
workout	5158
aa	5157
abu	5156
activated	5155
adaptation	5154
advisor	5153
aluminum	5152
apartments	5151
attitudes	5150
attorneys	5149
bail	5148
barriers	5147
belonged	5146
bradley	5145
brandon	5144
broader	5143
buck	5142
cal	5141
caroline	5140
characterized	5139
civilization	5138
congrats	5137
contractors	5136
creativity	5135
dealers	5134
delicate	5133
den	5132
derek	5131
desires	5130
disappointment	5129
disk	5128
enters	5127
evaluate	5126
formally	5125
frames	5124
goddess	5123
gov	5122
hampshire	5121
harassment	5120
hats	5119
hugh	5118
insert	5117
joan	5116
lebanon	5115
leeds	5114
legit	5113
leonard	5112
liquor	5111
loser	5110
malcolm	5109
massage	5108
matched	5107
messed	5106
milwaukee	5105
musician	5104
nato	5103
nephew	5102
notably	5101
orchestra	5100
oz	5099
packages	5098
pad	5097
pakistani	5096
participated	5095
precision	5094
preservation	5093
priests	5092
privately	5091
prizes	5090
pulls	5089
qualifying	5088
reasoning	5087
relaxed	5086
reporters	5085
roses	5084
rumors	5083
sail	5082
salmon	5081
secretly	5080
seller	5079
sen	5078
seo	5077
sheer	5076
shifts	5075
simpson	5074
smallest	5073
specially	5072
stark	5071
struggled	5070
sympathy	5069
tan	5068
teenagers	5067
theoretical	5066
thumb	5065
timber	5064
transparent	5063
travis	5062
tweets	5061
tx	5060
upside	5059
urged	5058
visitor	5057
vitamin	5056
void	5055
voluntary	5054
wheat	5053
whip	5052
wipe	5051
wolves	5050
wrist	5049
abused	5048
acute	5047
admiral	5046
amanda	5045
arnold	5044
arrange	5043
banana	5042
behave	5041
betting	5040
blair	5039
bo	5038
borrow	5037
camping	5036
capitol	5035
celtic	5034
chan	5033
chin	5032
civic	5031
clerk	5030
conclusions	5029
considerably	5028
contacted	5027
cottage	5026
coup	5025
criticized	5024
crude	5023
dash	5022
decreased	5021
defended	5020
demons	5019
deposits	5018
disclosure	5017
disposal	5016
distinctive	5015
documented	5014
donation	5013
dragged	5012
drone	5011
encounters	5010
ensuring	5009
enterprises	5008
escort	5007
exams	5006
firmly	5005
flour	5004
gdp	5003
geneva	5002
hindu	5001
holdings	5000
indie	4999
indirect	4998
inspire	4997
institutional	4996
interim	4995
interviewed	4994
java	4993
jefferson	4992
jerk	4991
karl	4990
kindly	4989
kindness	4988
leaked	4987
locals	4986
lottery	4985
louise	4984
magnitude	4983
mc	4982
minus	4981
nhs	4980
noting	4979
nude	4978
organs	4977
outlet	4976
outlets	4975
parameters	4974
pause	4973
pledge	4972
portal	4971
prescription	4970
protesters	4969
proving	4968
publicity	4967
punished	4966
puppy	4965
recruitment	4964
screwed	4963
shades	4962
shakespeare	4961
silicon	4960
slice	4959
spelling	4958
spurs	4957
subscribers	4956
surveys	4955
survivor	4954
telegraph	4953
tits	4952
vaccine	4951
vinyl	4950
westminster	4949
wished	4948
wonders	4947
accurately	4946
adelaide	4945
affiliate	4944
alfred	4943
asylum	4942
barn	4941
bent	4940
bernie	4939
brussels	4938
cathedral	4937
centered	4936
clause	4935
cluster	4934
complained	4933
compounds	4932
consistency	4931
cr	4930
cracked	4929
cylinder	4928
dancer	4927
deaf	4926
debts	4925
denial	4924
digging	4923
dock	4922
entrepreneur	4921
evident	4920
expectation	4919
expedition	4918
expressing	4917
extends	4916
facilitate	4915
failures	4914
feat	4913
fossil	4912
founding	4911
freight	4910
generating	4909
goddamn	4908
guides	4907
honesty	4906
inappropriate	4905
infant	4904
initiated	4903
injection	4902
instrumental	4901
insult	4900
interference	4899
interstate	4898
julian	4897
launching	4896
liking	4895
linux	4894
luis	4893
mates	4892
mediterranean	4891
neat	4890
negotiate	4889
neo	4888
nicole	4887
obligations	4886
offset	4885
outbreak	4884
pal	4883
palestine	4882
perfection	4881
pigs	4880
pirates	4879
posters	4878
practicing	4877
praying	4876
probe	4875
prohibited	4874
projected	4873
propose	4872
quarterly	4871
recipes	4870
recruiting	4869
refusing	4868
rehabilitation	4867
reid	4866
remix	4865
resistant	4864
reynolds	4863
riders	4862
robots	4861
rockets	4860
roller	4859
sailing	4858
shapes	4857
skinny	4856
slipped	4855
sneak	4854
solving	4853
sore	4852
spark	4851
speculation	4850
steep	4849
stevens	4848
straw	4847
successor	4846
targeting	4845
triggered	4844
troubles	4843
uncertain	4842
upload	4841
vector	4840
violations	4839
weigh	4838
whatsoever	4837
wicked	4836
abraham	4835
absent	4834
acoustic	4833
adapt	4832
ancestors	4831
archive	4830
atomic	4829
bean	4828
bicycle	4827
bryan	4826
bump	4825
buttons	4824
cart	4823
circus	4822
claire	4821
cocaine	4820
cohen	4819
colleague	4818
compelling	4817
compiled	4816
complications	4815
construct	4814
cord	4813
crowded	4812
cyber	4811
dale	4810
debates	4809
defendant	4808
delays	4807
dense	4806
desperately	4805
doctrine	4804
expose	4803
financially	4802
freshman	4801
furious	4800
gameplay	4799
geography	4798
gig	4797
habitat	4796
harbour	4795
hazard	4794
hydrogen	4793
implies	4792
intact	4791
intake	4790
irrelevant	4789
jaw	4788
jin	4787
kitty	4786
lauren	4785
lawn	4784
manufacture	4783
martha	4782
medals	4781
mercedes	4780
mistaken	4779
moses	4778
nashville	4777
nebraska	4776
needle	4775
ol	4774
olds	4773
organize	4772
ottawa	4771
oval	4770
pity	4769
pond	4768
porter	4767
portions	4766
prey	4765
prophet	4764
raymond	4763
recalled	4762
reduces	4761
referendum	4760
refugee	4759
regulated	4758
rounded	4757
ruby	4756
rushed	4755
sanders	4754
satisfy	4753
scales	4752
seasonal	4751
segments	4750
sensible	4749
sequel	4748
shifted	4747
shifting	4746
shining	4745
slower	4744
spinning	4743
stanford	4742
stepping	4741
teammates	4740
touches	4739
township	4738
travelled	4737
twisted	4736
usb	4735
vienna	4734
wade	4733
whale	4732
writings	4731
admire	4730
af	4729
amber	4728
ankle	4727
armor	4726
autism	4725
bachelor	4724
berry	4723
billions	4722
brady	4721
brisbane	4720
bulls	4719
bullying	4718
capitalism	4717
caution	4716
certification	4715
characteristic	4714
clan	4713
clash	4712
columns	4711
compatible	4710
concerts	4709
condemned	4708
configuration	4707
continuously	4706
convincing	4705
coupled	4704
curiosity	4703
delight	4702
determining	4701
entities	4700
exceptions	4699
explosive	4698
flooding	4697
fortunate	4696
fortunately	4695
foundations	4694
frontier	4693
frustrating	4692
frustration	4691
geographic	4690
glenn	4689
grande	4688
grasp	4687
handy	4686
hardcore	4685
harmful	4684
headache	4683
hers	4682
hispanic	4681
incentive	4680
inclusive	4679
infections	4678
jackie	4677
joel	4676
kissing	4675
lanes	4674
licence	4673
lungs	4672
madness	4671
mandate	4670
manga	4669
memorable	4668
merger	4667
minorities	4666
nj	4665
occurring	4664
organizing	4663
performs	4662
ph	4661
po	4660
poker	4659
portable	4658
priced	4657
quebec	4656
randomly	4655
rankings	4654
realizing	4653
resign	4652
revealing	4651
rico	4650
robbery	4649
rub	4648
runners	4647
sally	4646
scattered	4645
scout	4644
searched	4643
sexuality	4642
shouting	4641
slap	4640
steak	4639
succession	4638
superintendent	4637
suspicion	4636
sweep	4635
tactical	4634
talents	4633
therapist	4632
thereafter	4631
thorough	4630
tuition	4629
tumor	4628
usd	4627
variables	4626
varying	4625
wholesale	4624
wwe	4623
administered	4622
affiliated	4621
apples	4620
architectural	4619
artillery	4618
assembled	4617
bangladesh	4616
barack	4615
beaches	4614
bees	4613
boarding	4612
bothered	4611
canvas	4610
canyon	4609
casey	4608
cheek	4607
chen	4606
cincinnati	4605
circular	4604
circulation	4603
clearance	4602
closes	4601
coincidence	4600
comedian	4599
commands	4598
commissioned	4597
concentrated	4596
conscience	4595
cooler	4594
countless	4593
curry	4592
dame	4591
deceased	4590
dedication	4589
defining	4588
detention	4587
disputes	4586
drake	4585
employ	4584
enforce	4583
explicit	4582
explicitly	4581
eyed	4580
florence	4579
flu	4578
forbidden	4577
fraction	4576
hes	4575
infantry	4574
integral	4573
investor	4572
janet	4571
judged	4570
katie	4569
kidnapped	4568
lectures	4567
lightly	4566
linking	4565
maintains	4564
marble	4563
maritime	4562
melt	4561
modes	4560
monica	4559
mumbai	4558
nominee	4557
oath	4556
offence	4555
packaging	4554
patriots	4553
pee	4552
pillow	4551
pirate	4550
polar	4549
prediction	4548
preview	4547
processed	4546
pursuing	4545
puzzle	4544
rapper	4543
rebecca	4542
reconstruction	4541
renowned	4540
revelation	4539
sara	4538
scholar	4537
sharks	4536
shoots	4535
skirt	4534
socially	4533
spa	4532
spike	4531
sprint	4530
stir	4529
stuffed	4528
substantially	4527
suburbs	4526
superb	4525
supposedly	4524
tab	4523
tendency	4522
theirs	4521
toast	4520
toes	4519
touchdown	4518
traits	4517
trek	4516
tricky	4515
triumph	4514
uber	4513
underwear	4512
unto	4511
viable	4510
waist	4509
welcomed	4508
wit	4507
wreck	4506
absurd	4505
accessories	4504
adrian	4503
advocates	4502
ag	4501
ambitious	4500
amid	4499
annoyed	4498
appealing	4497
appointments	4496
assumptions	4495
ballet	4494
bargain	4493
binary	4492
blend	4491
blogs	4490
brake	4489
builds	4488
businessman	4487
cab	4486
ch	4485
chi	4484
col	4483
collision	4482
colombia	4481
compassion	4480
consumed	4479
corrected	4478
correction	4477
cough	4476
cousins	4475
critic	4474
czech	4473
defenders	4472
denying	4471
depot	4470
distress	4469
documentation	4468
doubts	4467
dramatically	4466
drank	4465
dudes	4464
eats	4463
elegant	4462
elevator	4461
ellis	4460
exchanges	4459
excuses	4458
execute	4457
factories	4456
feast	4455
finland	4454
frederick	4453
frost	4452
goin	4451
herald	4450
hike	4449
hollow	4448
homeland	4447
imported	4446
ing	4445
internationally	4444
iraqi	4443
itunes	4442
kane	4441
kissed	4440
lame	4439
licensing	4438
lily	4437
limiting	4436
locker	4435
mainland	4434
marking	4433
meditation	4432
messenger	4431
metals	4430
missiles	4429
munich	4428
norwegian	4427
pencil	4426
philosophical	4425
pierre	4424
pipes	4423
plasma	4422
plea	4421
punish	4420
purse	4419
quarterback	4418
reagan	4417
ref	4416
relieved	4415
replies	4414
reservation	4413
rhetoric	4412
rivals	4411
rushing	4410
salvation	4409
sanctions	4408
secular	4407
sensitivity	4406
shane	4405
sigh	4404
sixteen	4403
sovereign	4402
specifications	4401
spends	4400
spouse	4399
stat	4398
supervisor	4397
synthetic	4396
teaches	4395
tense	4394
terrifying	4393
toyota	4392
tracked	4391
traders	4390
troy	4389
varieties	4388
vegan	4387
waking	4386
walmart	4385
wang	4384
wilderness	4383
admits	4382
adviser	4381
aggregate	4380
anal	4379
anatomy	4378
annie	4377
announces	4376
applicants	4375
automobile	4374
barnes	4373
breasts	4372
cement	4371
chess	4370
citing	4369
colonies	4368
composite	4367
consequently	4366
consist	4365
councils	4364
cox	4363
curtis	4362
decorated	4361
delegates	4360
dreaming	4359
dull	4358
enables	4357
fare	4356
fashioned	4355
feared	4354
float	4353
generator	4352
grind	4351
grinding	4350
grove	4349
guessing	4348
gum	4347
hobby	4346
hunters	4345
idol	4344
illusion	4343
incorrect	4342
jun	4341
junction	4340
lance	4339
leap	4338
locate	4337
locks	4336
lou	4335
lynch	4334
manages	4333
masses	4332
medicare	4331
modeling	4330
motive	4329
nazis	4328
neighbourhood	4327
networking	4326
newer	4325
newton	4324
oppose	4323
optimal	4322
overtime	4321
packs	4320
permits	4319
playstation	4318
pops	4317
postal	4316
predictions	4315
prep	4314
profound	4313
prosecutor	4312
rebellion	4311
recipient	4310
refund	4309
remembering	4308
rescued	4307
risky	4306
robust	4305
scam	4304
sci	4303
sep	4302
shareholders	4301
sided	4300
simulation	4299
sober	4298
spice	4297
squeeze	4296
storms	4295
supervision	4294
suspects	4293
swap	4292
swept	4291
terrain	4290
terrified	4289
themed	4288
threaten	4287
thrilled	4286
towel	4285
trio	4284
tubes	4283
unconscious	4282
und	4281
varies	4280
vegetable	4279
verified	4278
vibe	4277
virtue	4276
wifi	4275
wishing	4274
workforce	4273
zombie	4272
acre	4271
airports	4270
alot	4269
amen	4268
andrews	4267
arise	4266
ashes	4265
automotive	4264
battlefield	4263
begging	4262
berkeley	4261
bloom	4260
bore	4259
bundle	4258
butterfly	4257
buys	4256
casualties	4255
catches	4254
chad	4253
clown	4252
committees	4251
conjunction	4250
costly	4249
cows	4248
cries	4247
cuban	4246
cycles	4245
darker	4244
davies	4243
descent	4242
desktop	4241
dial	4240
directory	4239
disabilities	4238
discharge	4237
discusses	4236
dodge	4235
downs	4234
drilling	4233
drums	4232
elimination	4231
enjoys	4230
es	4229
espn	4228
ginger	4227
governors	4226
guild	4225
halt	4224
han	4223
henderson	4222
ibm	4221
imaging	4220
implied	4219
impress	4218
inability	4217
incoming	4216
isaac	4215
jar	4214
kay	4213
lb	4212
leicester	4211
liam	4210
litigation	4209
mentor	4208
merchandise	4207
minerals	4206
miners	4205
monk	4204
neighborhoods	4203
ni	4202
noah	4201
norm	4200
obtaining	4199
occupy	4198
offended	4197
orthodox	4196
overhead	4195
pac	4194
painter	4193
perth	4192
pierce	4191
pistol	4190
printer	4189
prone	4188
raiders	4187
readily	4186
reflecting	4185
regiment	4184
remembers	4183
reunion	4182
revival	4181
sanctuary	4180
satan	4179
satisfying	4178
seas	4177
securing	4176
sensors	4175
seoul	4174
shells	4173
siege	4172
sixty	4171
sleeve	4170
sonic	4169
soundtrack	4168
speeches	4167
spine	4166
steering	4165
substances	4164
sullivan	4163
sustain	4162
tenure	4161
texture	4160
thankful	4159
translate	4158
treasurer	4157
triangle	4156
unclear	4155
upgraded	4154
venezuela	4153
venice	4152
vladimir	4151
wizard	4150
yankees	4149
absorbed	4148
admin	4147
affection	4146
airplane	4145
altitude	4144
athens	4143
attributes	4142
baked	4141
baking	4140
beautifully	4139
betty	4138
biblical	4137
bmw	4136
boo	4135
cardiff	4134
collapsed	4133
coloured	4132
competent	4131
countryside	4130
cracking	4129
crane	4128
debris	4127
delegation	4126
demographic	4125
descriptions	4124
donor	4123
easiest	4122
educate	4121
enabling	4120
enrolled	4119
enrollment	4118
essex	4117
exceed	4116
excluding	4115
expressions	4114
fierce	4113
forgetting	4112
gabriel	4111
garlic	4110
gaza	4109
gratitude	4108
hail	4107
heroin	4106
honda	4105
hooked	4104
illustration	4103
impose	4102
indicator	4101
inequality	4100
ins	4099
interpreted	4098
jamaica	4097
joey	4096
joshua	4095
journals	4094
leisure	4093
lend	4092
lengths	4091
leon	4090
lounge	4089
luckily	4088
manuscript	4087
marco	4086
marines	4085
mint	4084
molecules	4083
montgomery	4082
notification	4081
nova	4080
oakland	4079
outline	4078
pasta	4077
pi	4076
polite	4075
productions	4074
professors	4073
quicker	4072
randy	4071
receipt	4070
recognise	4069
reliability	4068
researcher	4067
retailers	4066
reviewing	4065
romans	4064
runway	4063
sculpture	4062
senses	4061
sensor	4060
seth	4059
sharon	4058
showcase	4057
smoked	4056
su	4055
subsidiary	4054
tampa	4053
tenth	4052
theology	4051
topped	4050
trails	4049
underwater	4048
uploaded	4047
velocity	4046
venues	4045
wax	4044
wikipedia	4043
winston	4042
yay	4041
yu	4040
accountability	4039
aerial	4038
albeit	4037
alcoholic	4036
amazed	4035
ambition	4034
ammunition	4033
anthem	4032
architects	4031
automated	4030
bake	4029
batch	4028
borrowed	4027
carson	4026
catalog	4025
catalogue	4024
charitable	4023
christine	4022
clicking	4021
collector	4020
compliment	4019
consisted	4018
continually	4017
coordinator	4016
damaging	4015
danish	4014
def	4013
deployment	4012
drafted	4011
enjoyable	4010
exotic	4009
exterior	4008
feminine	4007
firearms	4006
fountain	4005
fury	4004
gb	4003
genocide	4002
glance	4001
glow	4000
hay	3999
headlines	3998
hebrew	3997
hometown	3996
humanitarian	3995
hungary	3994
idaho	3993
immunity	3992
implementing	3991
inherited	3990
killers	3989
labeled	3988
lebron	3987
liberation	3986
likelihood	3985
lone	3984
massacre	3983
meme	3982
mitch	3981
mod	3980
nationalist	3979
nationals	3978
necessity	3977
nickname	3976
nixon	3975
observer	3974
offshore	3973
optional	3972
papa	3971
parked	3970
paste	3969
pioneer	3968
plaza	3967
prescribed	3966
pressures	3965
prosperity	3964
recreational	3963
reds	3962
refuge	3961
religions	3960
renewable	3959
richardson	3958
ricky	3957
rode	3956
ronald	3955
sack	3954
settlements	3953
sheffield	3952
shortage	3951
skies	3950
smarter	3949
smiles	3948
sophie	3947
sphere	3946
sponsors	3945
stamps	3944
stare	3943
suburban	3942
sung	3941
suppliers	3940
tablets	3939
terribly	3938
territorial	3937
thirds	3936
thriller	3935
toss	3934
transgender	3933
troubled	3932
turtle	3931
ur	3930
verbal	3929
violated	3928
vocals	3927
wool	3926
yang	3925
accountable	3924
advocacy	3923
aftermath	3922
aggression	3921
analyzed	3920
angles	3919
arguably	3918
armies	3917
armstrong	3916
assessed	3915
attractions	3914
balloon	3913
beers	3912
bells	3911
blamed	3910
blunt	3909
boobs	3908
bosses	3907
brakes	3906
brigade	3905
bulgaria	3904
burial	3903
canceled	3902
cardinal	3901
champ	3900
champagne	3899
cheated	3898
chorus	3897
chrome	3896
clarity	3895
classics	3894
cleaner	3893
combining	3892
conclude	3891
confidential	3890
coordination	3889
cracks	3888
cs	3887
dancers	3886
delaware	3885
directing	3884
discretion	3883
ditch	3882
dome	3881
dope	3880
drought	3879
ducks	3878
dumped	3877
elevation	3876
entrepreneurs	3875
epa	3874
esteem	3873
eva	3872
explored	3871
fe	3870
finances	3869
finishes	3868
fog	3867
framed	3866
fucks	3865
gesture	3864
ghana	3863
gibson	3862
gif	3861
gilbert	3860
gosh	3859
griffin	3858
historian	3857
horizontal	3856
hospitality	3855
hostage	3854
hottest	3853
individually	3852
inevitably	3851
jeffrey	3850
kenneth	3849
lad	3848
lakers	3847
lasts	3846
leagues	3845
leslie	3844
listings	3843
literacy	3842
marriages	3841
migrants	3840
mins	3839
misleading	3838
moisture	3837
monument	3836
mortality	3835
ng	3834
notices	3833
obsession	3832
opt	3831
particle	3830
peanut	3829
penn	3828
persistent	3827
personalities	3826
petroleum	3825
pharmaceutical	3824
progression	3823
quinn	3822
ra	3821
rack	3820
rebuild	3819
recordings	3818
rejection	3817
relaxing	3816
reservoir	3815
respects	3814
riley	3813
scrap	3812
sebastian	3811
sensation	3810
shaft	3809
shepherd	3808
shuttle	3807
slope	3806
snack	3805
sounding	3804
specialists	3803
spotlight	3802
stabbed	3801
stern	3800
stiff	3799
striker	3798
sudan	3797
sued	3796
sums	3795
sworn	3794
tel	3793
terrific	3792
theres	3791
titans	3790
tomatoes	3789
tory	3788
trafficking	3787
transparency	3786
trinity	3785
unemployed	3784
unite	3783
unlock	3782
vault	3781
vet	3780
vince	3779
wagon	3778
walt	3777
withdrawn	3776
accessed	3775
adverse	3774
aiming	3773
allah	3772
alumni	3771
ana	3770
awhile	3769
aye	3768
bastard	3767
behaviors	3766
bikes	3765
biography	3764
br	3763
broker	3762
browser	3761
bury	3760
cellular	3759
cocktail	3758
cod	3757
conditioning	3756
consuming	3755
contracted	3754
costumes	3753
counseling	3752
crews	3751
cubs	3750
cuz	3749
dangers	3748
designing	3747
destructive	3746
develops	3745
dislike	3744
doubled	3743
doubles	3742
economies	3741
embedded	3740
emerge	3739
excluded	3738
expects	3737
farewell	3736
feeds	3735
fist	3734
fond	3733
foolish	3732
frog	3731
fry	3730
garcia	3729
gifted	3728
hacking	3727
hawks	3726
heir	3725
highlighted	3724
holocaust	3723
homer	3722
hon	3721
hopkins	3720
imprisonment	3719
indonesian	3718
irs	3717
isnt	3716
jenny	3715
ji	3714
lacks	3713
landlord	3712
landmark	3711
lanka	3710
launches	3709
leaning	3708
liable	3707
memphis	3706
midst	3705
misery	3704
module	3703
mommy	3702
monroe	3701
mosque	3700
moss	3699
museums	3698
mvp	3697
nursery	3696
obamacare	3695
onion	3694
perspectives	3693
peru	3692
phrases	3691
plague	3690
plains	3689
positively	3688
powell	3687
prevents	3686
profiles	3685
pursued	3684
raids	3683
recruit	3682
resting	3681
rex	3680
rogue	3679
roosevelt	3678
salaries	3677
sd	3676
seated	3675
sharply	3674
showers	3673
sincerely	3672
sings	3671
solidarity	3670
specialty	3669
supernatural	3668
surprises	3667
td	3666
tens	3665
thirteen	3664
tomb	3663
touring	3662
traces	3661
trademark	3660
trim	3659
umbrella	3658
utilities	3657
voyage	3656
weaker	3655
willie	3654
yields	3653
abbey	3652
accepts	3651
adjustment	3650
andrea	3649
assignments	3648
attachment	3647
baron	3646
beatles	3645
belfast	3644
blah	3643
blaming	3642
bomber	3641
bt	3640
bunny	3639
candle	3638
carved	3637
choir	3636
clutch	3635
coconut	3634
committing	3633
comprising	3632
confession	3631
consume	3630
corridor	3629
credibility	3628
credited	3627
critically	3626
dem	3625
distracted	3624
dm	3623
dolphins	3622
estates	3621
ferguson	3620
ferrari	3619
filters	3618
fools	3617
fourteen	3616
fu	3615
geometry	3614
gf	3613
ghosts	3612
gossip	3611
gp	3610
grandparents	3609
haul	3608
header	3607
headphones	3606
highways	3605
holly	3604
immense	3603
imports	3602
incentives	3601
interfere	3600
intersection	3599
investigators	3598
juvenile	3597
karma	3596
ki	3595
knocking	3594
kurt	3593
leaks	3592
leverage	3591
lil	3590
lining	3589
luther	3588
manila	3587
mankind	3586
mapping	3585
masks	3584
med	3583
metric	3582
militia	3581
naming	3580
ncaa	3579
nike	3578
node	3577
obstacles	3576
opener	3575
overwhelmed	3574
performers	3573
pg	3572
pl	3571
pointless	3570
poles	3569
preferences	3568
prompted	3567
proximity	3566
qualification	3565
qualifications	3564
ranger	3563
rendered	3562
rented	3561
reversed	3560
robbed	3559
sadness	3558
scenarios	3557
selective	3556
seniors	3555
sf	3554
shiny	3553
socialism	3552
sour	3551
spoon	3550
stressful	3549
stretched	3548
sucking	3547
teddy	3546
tenants	3545
terrace	3544
thief	3543
transported	3542
tribunal	3541
undoubtedly	3540
uniforms	3539
verify	3538
villain	3537
whats	3536
whistle	3535
workshops	3534
yale	3533
yearly	3532
yemen	3531
abusive	3530
alley	3529
announcing	3528
appetite	3527
backyard	3526
beth	3525
beverly	3524
bids	3523
billboard	3522
blades	3521
boris	3520
bully	3519
burke	3518
cables	3517
calculate	3516
calculations	3515
chicks	3514
conceived	3513
consult	3512
crashes	3511
crowds	3510
cunt	3509
damned	3508
dissolved	3507
distinguish	3506
dominate	3505
dynasty	3504
economist	3503
endorsed	3502
europeans	3501
examining	3500
extensively	3499
fda	3498
festivals	3497
forehead	3496
foreigners	3495
forgiveness	3494
gem	3493
glen	3492
graves	3491
gregory	3490
haunted	3489
hayes	3488
heather	3487
hiking	3486
hypothesis	3485
illegally	3484
illustrations	3483
inclined	3482
informal	3481
jew	3480
learnt	3479
lending	3478
marker	3477
marsh	3476
marshal	3475
maturity	3474
maya	3473
messy	3472
mia	3471
minneapolis	3470
molly	3469
morrison	3468
mtv	3467
muhammad	3466
neighboring	3465
neighbours	3464
ninja	3463
optimistic	3462
outlined	3461
owl	3460
parenting	3459
peaks	3458
pharmacy	3457
pools	3456
preparations	3455
problematic	3454
proceeded	3453
processor	3452
promotional	3451
pros	3450
prospective	3449
psychiatric	3448
regulate	3447
renaissance	3446
repeal	3445
reuters	3444
riots	3443
roast	3442
robertson	3441
rubbish	3440
saga	3439
salon	3438
seventeen	3437
shields	3436
sliding	3435
sodium	3434
surplus	3433
swallow	3432
systematic	3431
theaters	3430
transmitted	3429
tuned	3428
unacceptable	3427
unaware	3426
uncommon	3425
underway	3424
unified	3423
unstable	3422
upstairs	3421
vague	3420
wee	3419
woo	3418
xd	3417
zip	3416
abs	3415
abundance	3414
advancing	3413
ahh	3412
alberta	3411
ant	3410
antique	3409
autonomy	3408
baptist	3407
behavioral	3406
biden	3405
booking	3404
breeze	3403
brett	3402
browns	3401
canadians	3400
carnival	3399
commodity	3398
congressman	3397
containers	3396
cooperative	3395
coral	3394
correlation	3393
correspondent	3392
coupon	3391
covid	3390
crosses	3389
curtain	3388
curves	3387
defines	3386
delivers	3385
demonstrates	3384
dentist	3383
dodgers	3382
dough	3381
dug	3380
endangered	3379
envelope	3378
exhibited	3377
fade	3376
fatigue	3375
fellowship	3374
fictional	3373
fragile	3372
fringe	3371
fulfill	3370
gaps	3369
granite	3368
greens	3367
handbook	3366
hardy	3365
honors	3364
insights	3363
instinct	3362
inviting	3361
irony	3360
ivan	3359
joyce	3358
judgement	3357
judiciary	3356
jumps	3355
lads	3354
legion	3353
lethal	3352
lime	3351
lively	3350
logistics	3349
lowered	3348
lynn	3347
maid	3346
manning	3345
manuel	3344
maple	3343
mickey	3342
midfielder	3341
mindset	3340
mistress	3339
moms	3338
mon	3337
monkeys	3336
morality	3335
mortal	3334
mounting	3333
nonprofit	3332
nsa	3331
oils	3330
operative	3329
outs	3328
owed	3327
panama	3326
patches	3325
pickup	3324
portraits	3323
pouring	3322
prestigious	3321
prompt	3320
quantities	3319
radius	3318
referee	3317
relay	3316
rig	3315
risen	3314
rows	3313
sacramento	3312
scroll	3311
searches	3310
sh	3309
smiled	3308
snacks	3307
snakes	3306
sovereignty	3305
strips	3304
stunt	3303
subjected	3302
sucked	3301
sunlight	3300
surf	3299
symbolic	3298
sync	3297
taxpayer	3296
tempted	3295
thrust	3294
trevor	3293
trilogy	3292
url	3291
weights	3290
wheelchair	3289
whore	3288
wiped	3287
yahoo	3286
youre	3285
yourselves	3284
accompanying	3283
accusations	3282
acids	3281
administrators	3280
aired	3279
allowance	3278
andre	3277
apologies	3276
arbitrary	3275
atm	3274
autonomous	3273
averaged	3272
bait	3271
bark	3270
bets	3269
blogger	3268
bra	3267
brighton	3266
brotherhood	3265
buddhist	3264
builder	3263
cakes	3262
carriage	3261
celebrations	3260
censorship	3259
cf	3258
cl	3257
clarify	3256
climbed	3255
comp	3254
compilation	3253
composer	3252
comprises	3251
constitute	3250
correspondence	3249
cowboy	3248
defendants	3247
desirable	3246
devastating	3245
diagram	3244
dismiss	3243
editions	3242
erected	3241
explorer	3240
farther	3239
favorable	3238
feminism	3237
flaws	3236
forums	3235
freed	3234
galleries	3233
gasoline	3232
genesis	3231
geographical	3230
governed	3229
governmental	3228
grandson	3227
halls	3226
handles	3225
heavier	3224
herbert	3223
hints	3222
incomplete	3221
incorporate	3220
interrupted	3219
ivory	3218
kerry	3217
kirk	3216
lang	3215
lengthy	3214
levy	3213
lp	3212
manipulation	3211
merchants	3210
misses	3209
mlb	3208
mock	3207
necklace	3206
niche	3205
nina	3204
obscure	3203
ot	3202
para	3201
peterson	3200
popped	3199
porch	3198
portrayed	3197
possessed	3196
princeton	3195
proposition	3194
railways	3193
readings	3192
recession	3191
richards	3190
rim	3189
seals	3188
secondly	3187
sequences	3186
settling	3185
sherman	3184
spinal	3183
spiral	3182
spit	3181
splash	3180
stretching	3179
successive	3178
superhero	3177
taxpayers	3176
therapeutic	3175
threads	3174
ti	3173
timely	3172
tomato	3171
tub	3170
ufc	3169
undergraduate	3168
undertaken	3167
uranium	3166
utter	3165
vietnamese	3164
volleyball	3163
walsh	3162
wires	3161
yell	3160
advertisement	3159
analysts	3158
analyze	3157
atmospheric	3156
bangkok	3155
batting	3154
bb	3153
bitches	3152
bracket	3151
branded	3150
bryant	3149
cairo	3148
cardiac	3147
catholics	3146
commanding	3145
confirms	3144
confronted	3143
crashing	3142
crawford	3141
creep	3140
daylight	3139
dee	3138
dems	3137
devon	3136
disclose	3135
doe	3134
donna	3133
elbow	3132
encourages	3131
enthusiastic	3130
envy	3129
establishments	3128
exile	3127
exploitation	3126
felix	3125
futures	3124
gel	3123
genetics	3122
goose	3121
grill	3120
grounded	3119
hating	3118
heel	3117
heroic	3116
hut	3115
inmates	3114
instructed	3113
ira	3112
jenkins	3111
johns	3110
knives	3109
louisville	3108
malaysian	3107
margins	3106
marina	3105
mat	3104
melissa	3103
milton	3102
miranda	3101
ml	3100
monopoly	3099
nash	3098
nationally	3097
nobel	3096
norfolk	3095
outrage	3094
owning	3093
pains	3092
paperwork	3091
pdf	3090
pitched	3089
poets	3088
poisoning	3087
promptly	3086
que	3085
rains	3084
recovering	3083
renewal	3082
repeating	3081
rifles	3080
robbie	3079
ruler	3078
screams	3077
sellers	3076
sights	3075
sincere	3074
skating	3073
skiing	3072
slaughter	3071
smashed	3070
sox	3069
sperm	3068
spill	3067
steadily	3066
stripped	3065
supplier	3064
swamp	3063
swan	3062
switches	3061
synthesis	3060
tasty	3059
tattoos	3058
teammate	3057
testify	3056
tolerate	3055
tournaments	3054
travelers	3053
treason	3052
trustees	3051
typing	3050
urine	3049
vanilla	3048
vermont	3047
vic	3046
vii	3045
violet	3044
weighing	3043
wendy	3042
activation	3041
afghan	3040
afterward	3039
agreeing	3038
ahmed	3037
allocated	3036
appealed	3035
applause	3034
bald	3033
barrels	3032
boil	3031
borough	3030
boyd	3029
bp	3028
breakthrough	3027
calif	3026
ce	3025
charities	3024
cheering	3023
chooses	3022
churchill	3021
combinations	3020
commenting	3019
competitions	3018
cone	3017
connects	3016
convey	3015
critique	3014
crushing	3013
curved	3012
cyrus	3011
decay	3010
declining	3009
depressing	3008
dessert	3007
destinations	3006
diagnostic	3005
diane	3004
differential	3003
discourse	3002
distances	3001
dominance	3000
donors	2999
downloaded	2998
economically	2997
entertain	2996
evaluated	2995
exploit	2994
fireworks	2993
flown	2992
floyd	2991
founders	2990
freeman	2989
gandhi	2988
gateway	2987
ge	2986
guarantees	2985
humidity	2984
humour	2983
imagery	2982
imply	2981
indicators	2980
inherent	2979
inland	2978
inning	2977
innocence	2976
investigator	2975
isle	2974
ivy	2973
justification	2972
ka	2971
katherine	2970
lego	2969
licenses	2968
livestock	2967
liz	2966
llc	2965
mafia	2964
manners	2963
merry	2962
mick	2961
missionary	2960
nationalism	2959
naughty	2958
nepal	2957
newman	2956
notified	2955
notorious	2954
obey	2953
olivia	2952
organizational	2951
outfits	2950
outright	2949
overly	2948
oversight	2947
panthers	2946
persian	2945
phases	2944
photographers	2943
polling	2942
popping	2941
prisons	2940
prototype	2939
pumpkin	2938
pumps	2937
punched	2936
ramp	2935
rand	2934
reactor	2933
reef	2932
refined	2931
refreshing	2930
refusal	2929
reinforced	2928
remedies	2927
reset	2926
sage	2925
shave	2924
sickness	2923
simpler	2922
sinking	2921
slots	2920
sorted	2919
sq	2918
staged	2917
startup	2916
statute	2915
stems	2914
straightforward	2913
strengths	2912
suffers	2911
superstar	2910
telecommunications	2909
thieves	2908
thoughtful	2907
thru	2906
tissues	2905
toddler	2904
utilized	2903
vicious	2902
victories	2901
vikings	2900
vodka	2899
vr	2898
wholly	2897
zoom	2896
accidental	2895
accounted	2894
addicted	2893
adjustments	2892
apollo	2891
archbishop	2890
assassination	2889
athletics	2888
basics	2887
bats	2886
belgian	2885
bibliography	2884
bot	2883
broadly	2882
calcium	2881
calvin	2880
candles	2879
capita	2878
certainty	2877
cheeks	2876
chickens	2875
christina	2874
citation	2873
clues	2872
collectively	2871
commercials	2870
commissions	2869
compression	2868
comprised	2867
confess	2866
confined	2865
congregation	2864
consolidated	2863
coordinate	2862
coordinates	2861
cube	2860
dana	2859
declaring	2858
decoration	2857
decree	2856
definitions	2855
deliberate	2854
despair	2853
discovering	2852
dividend	2851
dragging	2850
drift	2849
dye	2848
eden	2847
educators	2846
electron	2845
endure	2844
enzyme	2843
evolutionary	2842
exhibits	2841
extensions	2840
fellows	2839
fragments	2838
fraser	2837
fuels	2836
geological	2835
globally	2834
grams	2833
guru	2832
hacked	2831
hans	2830
hatch	2829
hindi	2828
historians	2827
hm	2826
hormone	2825
inadequate	2824
indianapolis	2823
infinity	2822
intentionally	2821
joints	2820
kilometers	2819
labs	2818
lace	2817
libya	2816
losers	2815
louder	2814
maiden	2813
marching	2812
marketplace	2811
membrane	2810
messing	2809
metallic	2808
methodology	2807
modifications	2806
monitors	2805
murderer	2804
nap	2803
nickel	2802
niece	2801
nm	2800
nominations	2799
numbered	2798
offerings	2797
overlooked	2796
pardon	2795
partnerships	2794
persuade	2793
pier	2792
poured	2791
practiced	2790
predecessor	2789
premise	2788
quiz	2787
rainfall	2786
recipients	2785
reckless	2784
redemption	2783
relates	2782
relied	2781
remedy	2780
replay	2779
revision	2778
rooted	2777
scent	2776
slate	2775
spells	2774
stimulus	2773
strengthening	2772
structured	2771
sunrise	2770
surge	2769
tagged	2768
tags	2767
tapes	2766
tee	2765
testified	2764
timothy	2763
token	2762
tornado	2761
tracy	2760
tunes	2759
tunnels	2758
twilight	2757
unprecedented	2756
vagina	2755
verses	2754
vocabulary	2753
wellington	2752
whoa	2751
willingness	2750
woody	2749
worthless	2748
yacht	2747
aberdeen	2746
absorb	2745
accompany	2744
accord	2743
advancement	2742
albany	2741
algorithms	2740
alt	2739
alternatively	2738
anglo	2737
archer	2736
asap	2735
assurance	2734
barber	2733
bash	2732
battalion	2731
bidding	2730
boycott	2729
bricks	2728
bruno	2727
buddies	2726
bulgarian	2725
carpenter	2724
ceased	2723
chester	2722
coding	2721
competitor	2720
creators	2719
cuisine	2718
detained	2717
dioxide	2716
dolls	2715
doom	2714
dubbed	2713
ea	2712
eclipse	2711
eighteen	2710
eleanor	2709
elephants	2708
enjoyment	2707
exhaust	2706
expired	2705
flee	2704
forbes	2703
forwards	2702
fries	2701
fundraising	2700
gal	2699
glimpse	2698
hahaha	2697
hawk	2696
healthier	2695
homemade	2694
honorable	2693
infectious	2692
inferior	2691
injustice	2690
inquiries	2689
insulin	2688
interpret	2687
intro	2686
jackets	2685
jill	2684
kindle	2683
lid	2682
lindsay	2681
logs	2680
manor	2679
masterpiece	2678
melody	2677
memo	2676
mic	2675
mirrors	2674
myanmar	2673
narrator	2672
nate	2671
nets	2670
nsw	2669
obesity	2668
partisan	2667
planting	2666
pony	2665
posed	2664
possessions	2663
privileged	2662
prolonged	2661
promo	2660
protestant	2659
pumping	2658
pupil	2657
qb	2656
recruited	2655
reliance	2654
relies	2653
reluctant	2652
relying	2651
respiratory	2650
retention	2649
rewarded	2648
ribbon	2647
rochester	2646
rodgers	2645
roommate	2644
rotten	2643
sands	2642
schedules	2641
selecting	2640
shah	2639
shawn	2638
shotgun	2637
singers	2636
snapped	2635
sofa	2634
solomon	2633
southampton	2632
spoil	2631
spoiled	2630
stephanie	2629
submarine	2628
suburb	2627
surgeons	2626
sympathetic	2625
taxation	2624
temper	2623
undergo	2622
venus	2621
weighed	2620
wu	2619
acquiring	2618
additions	2617
admitting	2616
afl	2615
aligned	2614
allan	2613
altar	2612
amp	2611
arrows	2610
atlas	2609
austrian	2608
automation	2607
awe	2606
balancing	2605
banning	2604
bishops	2603
boeing	2602
broncos	2601
builders	2600
burton	2599
caesar	2598
cans	2597
carroll	2596
cavalry	2595
clara	2594
coffin	2593
collectors	2592
colorful	2591
combo	2590
communism	2589
conductor	2588
confront	2587
constraints	2586
crow	2585
davidson	2584
decisive	2583
decorative	2582
definitive	2581
disclosed	2580
displaced	2579
disturbed	2578
diy	2577
doin	2576
epidemic	2575
eternity	2574
eugene	2573
evolve	2572
explode	2571
extraction	2570
fatty	2569
filthy	2568
fletcher	2567
flush	2566
font	2565
freestyle	2564
glue	2563
grandpa	2562
hairy	2561
homicide	2560
horns	2559
ie	2558
inheritance	2557
introduces	2556
ironic	2555
lacked	2554
lin	2553
luggage	2552
lyon	2551
madame	2550
maggie	2549
marion	2548
mel	2547
melting	2546
messaging	2545
microwave	2544
midwest	2543
minimize	2542
modi	2541
morocco	2540
natalie	2539
ops	2538
organisms	2537
originated	2536
ounce	2535
pablo	2534
peel	2533
pensions	2532
performer	2531
picnic	2530
pins	2529
practitioners	2528
predominantly	2527
primitive	2526
providence	2525
psychic	2524
psychologist	2523
puppet	2522
reproductive	2521
requesting	2520
responds	2519
restrict	2518
retiring	2517
retrieved	2516
ribs	2515
righteous	2514
rivalry	2513
rosa	2512
royalty	2511
sandra	2510
sausage	2509
seize	2508
sim	2507
skeleton	2506
spicy	2505
sticky	2504
sting	2503
sufficiently	2502
thankfully	2501
thrones	2500
tick	2499
traced	2498
trent	2497
trusts	2496
tutorial	2495
twentieth	2494
unpleasant	2493
unrelated	2492
ussr	2491
vacant	2490
vent	2489
vicinity	2488
wan	2487
wandering	2486
wardrobe	2485
warmth	2484
weaknesses	2483
wines	2482
wired	2481
amendments	2480
analyses	2479
asses	2478
assessments	2477
assisting	2476
axe	2475
backgrounds	2474
baldwin	2473
belle	2472
bf	2471
bites	2470
bombers	2469
bonuses	2468
bred	2467
brexit	2466
bubbles	2465
buddha	2464
bulletin	2463
capitalist	2462
cautious	2461
clinics	2460
commitments	2459
companions	2458
comparisons	2457
constable	2456
cooperate	2455
coordinated	2454
copied	2453
counselor	2452
cp	2451
curb	2450
dances	2449
darren	2448
deeds	2447
destined	2446
detached	2445
devils	2444
discounts	2443
distribute	2442
dong	2441
edgar	2440
efficiently	2439
eliminating	2438
elliott	2437
encouragement	2436
enforced	2435
evan	2434
explosives	2433
faction	2432
fascist	2431
feathers	2430
fixtures	2429
flooded	2428
fuller	2427
gamble	2426
goalkeeper	2425
grandchildren	2424
gt	2423
guardians	2422
harmless	2421
hearings	2420
hesitate	2419
hid	2418
hips	2417
hopeful	2416
horny	2415
hungarian	2414
hygiene	2413
iceland	2412
imaginary	2411
imprisoned	2410
inconsistent	2409
int	2408
iso	2407
jared	2406
johnston	2405
judy	2404
kindergarten	2403
latino	2402
lopez	2401
loudly	2400
mechanic	2399
megan	2398
mls	2397
modify	2396
neglect	2395
northwestern	2394
nz	2393
offenders	2392
oppression	2391
patriotic	2390
phillip	2389
pictured	2388
pitcher	2387
playground	2386
populated	2385
poses	2384
positioned	2383
prejudice	2382
preston	2381
probable	2380
probation	2379
projection	2378
promotes	2377
pumped	2376
rails	2375
raven	2374
receptor	2373
rehab	2372
remake	2371
rendering	2370
reproduction	2369
res	2368
reservations	2367
rey	2366
rhode	2365
shrimp	2364
similarities	2363
skins	2362
slopes	2361
spelled	2360
spokesman	2359
springfield	2358
stained	2357
stall	2356
starving	2355
strap	2354
subjective	2353
surround	2352
surroundings	2351
sweeping	2350
swinging	2349
tearing	2348
traumatic	2347
trillion	2346
tucker	2345
vatican	2344
vendor	2343
watts	2342
yr	2341
abbott	2340
aboriginal	2339
academics	2338
adopting	2337
alignment	2336
allergic	2335
allison	2334
amended	2333
apparatus	2332
assumes	2331
avengers	2330
backpack	2329
balcony	2328
banker	2327
bliss	2326
bodily	2325
buffer	2324
calgary	2323
chapman	2322
chopped	2321
collaborative	2320
commenced	2319
compensate	2318
compromised	2317
constructive	2316
conventions	2315
cosmic	2314
crystals	2313
daisy	2312
definite	2311
demonstrations	2310
departed	2309
depths	2308
developmental	2307
disco	2306
distraction	2305
dom	2304
dorothy	2303
doses	2302
drawer	2301
drones	2300
durham	2299
ecological	2298
ecosystem	2297
elvis	2296
euros	2295
exclude	2294
exempt	2293
exposing	2292
faint	2291
fertility	2290
ff	2289
fines	2288
finn	2287
floods	2286
flynn	2285
foam	2284
folded	2283
foremost	2282
forge	2281
greenhouse	2280
hears	2279
hierarchy	2278
ideals	2277
identities	2276
installations	2275
invalid	2274
jade	2273
jointly	2272
jung	2271
kits	2270
lancaster	2269
lightweight	2268
lowering	2267
mb	2266
melted	2265
metabolism	2264
neglected	2263
negotiated	2262
negotiating	2261
negotiation	2260
newborn	2259
newport	2258
nodes	2257
notch	2256
omega	2255
onions	2254
packers	2253
paired	2252
parental	2251
parody	2250
parole	2249
participant	2248
penguin	2247
phantom	2246
photoshop	2245
pitt	2244
precedent	2243
prevalent	2242
prom	2241
promotions	2240
python	2239
qatar	2238
questionable	2237
queue	2236
quo	2235
regrets	2234
render	2233
respondents	2232
retaining	2231
romania	2230
sailor	2229
seventy	2228
shouted	2227
simmons	2226
sims	2225
slides	2224
sociology	2223
somerset	2222
soo	2221
specify	2220
splitting	2219
stab	2218
supermarket	2217
sweater	2216
tenant	2215
tensions	2214
thomson	2213
tortured	2212
traction	2211
tractor	2210
trout	2209
turnover	2208
uganda	2207
unwanted	2206
upgrades	2205
variant	2204
vegetarian	2203
vernon	2202
visibility	2201
warnings	2200
wherein	2199
whiskey	2198
worms	2197
wyoming	2196
aaa	2195
abundant	2194
africans	2193
alexandria	2192
algebra	2191
analytics	2190
antenna	2189
attribute	2188
audition	2187
bankers	2186
biting	2185
branding	2184
bravo	2183
busted	2182
cardinals	2181
carrie	2180
certificates	2179
charleston	2178
chatting	2177
chop	2176
circuits	2175
clifford	2174
cody	2173
coleman	2172
commanded	2171
commissioners	2170
communicating	2169
comparative	2168
complement	2167
connor	2166
conquer	2165
conquest	2164
contested	2163
continuity	2162
cornwall	2161
crawl	2160
credible	2159
cursed	2158
db	2157
deepest	2156
defects	2155
delightful	2154
depicted	2153
determines	2152
digit	2151
dinosaur	2150
doomed	2149
drainage	2148
drowning	2147
embarrassment	2146
equations	2145
evolving	2144
exploded	2143
fairness	2142
favored	2141
felony	2140
flats	2139
flint	2138
floral	2137
fortress	2136
fulfilled	2135
fundamentally	2134
grabbing	2133
guts	2132
hairs	2131
hammond	2130
handing	2129
hearted	2128
herb	2127
herd	2126
husbands	2125
ideological	2124
immortal	2123
incumbent	2122
insider	2121
insufficient	2120
interval	2119
jelly	2118
kai	2117
kanye	2116
kidnapping	2115
kilometres	2114
ky	2113
lenses	2112
lick	2111
literal	2110
lunar	2109
maternal	2108
matthews	2107
maxwell	2106
mccain	2105
mcdonald	2104
medicines	2103
memoir	2102
messi	2101
miguel	2100
modification	2099
mold	2098
nailed	2097
napoleon	2096
neighbouring	2095
nigel	2094
objection	2093
obliged	2092
observers	2091
occurrence	2090
offspring	2089
ou	2088
outrageous	2087
packet	2086
pads	2085
patents	2084
pathway	2083
peach	2082
persuaded	2081
plots	2080
polo	2079
presenter	2078
proclaimed	2077
prohibition	2076
prop	2075
recognizing	2074
recommends	2073
registry	2072
relieve	2071
remarkably	2070
repaired	2069
rotating	2068
sanchez	2067
sandwiches	2066
satellites	2065
scar	2064
scouts	2063
scripture	2062
seating	2061
seminar	2060
shores	2059
silva	2058
simplicity	2057
slightest	2056
softly	2055
specimens	2054
starbucks	2053
stereo	2052
supplements	2051
surrey	2050
sustainability	2049
symphony	2048
tesla	2047
textbook	2046
theological	2045
trader	2044
undercover	2043
valentine	2042
vegetation	2041
vein	2040
velvet	2039
vendors	2038
viewer	2037
webb	2036
welcoming	2035
whales	2034
wheeler	2033
worm	2032
zombies	2031
accountant	2030
activate	2029
admissions	2028
alison	2027
amusing	2026
arabs	2025
beams	2024
behold	2023
betrayed	2022
biased	2021
billionaire	2020
bloggers	2019
brewing	2018
brooke	2017
bypass	2016
calculation	2015
cancellation	2014
cane	2013
capturing	2012
catalyst	2011
cedar	2010
celebrates	2009
claude	2008
concentrations	2007
concludes	2006
cons	2005
corpse	2004
crab	2003
cruelty	2002
darwin	2001
dawson	2000
decorations	1999
dementia	1998
demonstrating	1997
designation	1996
dev	1995
dice	1994
diploma	1993
disasters	1992
discharged	1991
dispatch	1990
disputed	1989
dots	1988
ds	1987
duchess	1986
dunno	1985
economists	1984
eds	1983
elders	1982
exceeded	1981
explanations	1980
extinction	1979
factions	1978
fb	1977
foil	1976
formats	1975
freddie	1974
gardner	1973
geology	1972
gerald	1971
graduating	1970
gram	1969
greene	1968
heath	1967
heavenly	1966
hormones	1965
horrific	1964
hugo	1963
infants	1962
insect	1961
iris	1960
issuing	1959
lifts	1958
locking	1957
logging	1956
lookin	1955
maurice	1954
medications	1953
mentality	1952
metre	1951
minecraft	1950
miracles	1949
nascar	1948
neural	1947
newsletter	1946
nineteenth	1945
nitrogen	1944
norms	1943
oceans	1942
ooh	1941
patricia	1940
paulo	1939
payroll	1938
phenomenal	1937
philippine	1936
photographic	1935
pinch	1934
ping	1933
polished	1932
pots	1931
predictable	1930
privileges	1929
prix	1928
professionally	1927
protesting	1926
protocols	1925
pushes	1924
queer	1923
rebounds	1922
reckon	1921
recycling	1920
restriction	1919
resumed	1918
resurrection	1917
rover	1916
scars	1915
scholarships	1914
shannon	1913
shelves	1912
shipment	1911
slut	1910
sparks	1909
spatial	1908
stainless	1907
statutory	1906
stellar	1905
stockholm	1904
stripes	1903
stubborn	1902
summoned	1901
sussex	1900
swords	1899
syrup	1898
tackles	1897
tamil	1896
tapping	1895
teachings	1894
tightly	1893
tina	1892
tones	1891
tories	1890
transplant	1889
traps	1888
tu	1887
turf	1886
twitch	1885
unlocked	1884
unusually	1883
unveiled	1882
username	1881
vaccines	1880
veins	1879
ventures	1878
vip	1877
visions	1876
voiced	1875
volcano	1874
warmer	1873
webster	1872
weddings	1871
yelled	1870
zach	1869
accelerated	1868
accomplishments	1867
advertised	1866
advertisements	1865
ark	1864
armour	1863
assaulted	1862
atoms	1861
attach	1860
awaiting	1859
bayern	1858
bind	1857
blessings	1856
blu	1855
bluetooth	1854
boiling	1853
borrowing	1852
bowls	1851
bradford	1850
bum	1849
butcher	1848
café	1847
chandler	1846
cheapest	1845
chloe	1844
communists	1843
compares	1842
conception	1841
congo	1840
counterparts	1839
cue	1838
deed	1837
disciplinary	1836
dreamed	1835
dwarf	1834
eighty	1833
elena	1832
eligibility	1831
embraced	1830
enacted	1829
endorsement	1828
enlisted	1827
eyebrows	1826
fcc	1825
finite	1824
flagship	1823
forensic	1822
forthcoming	1821
gallon	1820
gems	1819
glowing	1818
glucose	1817
gore	1816
govt	1815
gown	1814
greedy	1813
halo	1812
hilton	1811
ideally	1810
identifies	1809
improves	1808
infamous	1807
inspirational	1806
internally	1805
kashmir	1804
knox	1803
lateral	1802
leigh	1801
lent	1800
lib	1799
lifelong	1798
limestone	1797
liner	1796
majors	1795
marched	1794
marrying	1793
maths	1792
memes	1791
mentioning	1790
merge	1789
mesh	1788
migrant	1787
mohammed	1786
monitored	1785
moron	1784
mortar	1783
myths	1782
naive	1781
nat	1780
noises	1779
norton	1778
noticeable	1777
nt	1776
observing	1775
omar	1774
opted	1773
palestinians	1772
paula	1771
paypal	1770
pedro	1769
pens	1768
perfume	1767
pitching	1766
pleasing	1765
premiums	1764
prestige	1763
protects	1762
pyramid	1761
realizes	1760
relevance	1759
remotely	1758
resorts	1757
retailer	1756
rica	1755
rigid	1754
rita	1753
rm	1752
rom	1751
ronaldo	1750
sailors	1749
samantha	1748
sampling	1747
screenshot	1746
selfie	1745
settlers	1744
shattered	1743
signatures	1742
spacecraft	1741
specification	1740
spiders	1739
splendid	1738
strokes	1737
successes	1736
summers	1735
sundays	1734
supplying	1733
telescope	1732
temp	1731
tended	1730
terminated	1729
textile	1728
thickness	1727
threatens	1726
tossed	1725
tray	1724
uae	1723
ucla	1722
unreasonable	1721
unsure	1720
upwards	1719
utilize	1718
valuation	1717
veterinary	1716
villagers	1715
violate	1714
vivid	1713
waving	1712
accusing	1711
aided	1710
alexis	1709
allocation	1708
americas	1707
amusement	1706
antibiotics	1705
anticipation	1704
appropriately	1703
arrests	1702
arrogant	1701
assessing	1700
authorization	1699
auxiliary	1698
baggage	1697
beacon	1696
bella	1695
belts	1694
bounty	1693
boxer	1692
briefing	1691
brook	1690
budgets	1689
canterbury	1688
cartoons	1687
ceramic	1686
cereal	1685
challenger	1684
chased	1683
clergy	1682
coats	1681
cola	1680
coma	1679
comfortably	1678
commanders	1677
compass	1676
considerations	1675
consultants	1674
contempt	1673
contributes	1672
credentials	1671
croatia	1670
cured	1669
descended	1668
disappearance	1667
doyle	1666
drowned	1665
drying	1664
dwelling	1663
dwight	1662
ecology	1661
einstein	1660
eli	1659
elliot	1658
emergence	1657
enclosed	1656
endurance	1655
equals	1654
erotic	1653
evacuation	1652
exceptionally	1651
exchanged	1650
expenditure	1649
falcon	1648
favors	1647
fernando	1646
folder	1645
frequencies	1644
frightened	1643
gavin	1642
groove	1641
hbo	1640
hedge	1639
homosexuality	1638
icons	1637
ingredient	1636
initiate	1635
inserted	1634
interventions	1633
invaded	1632
ironically	1631
istanbul	1630
jacobs	1629
jealousy	1628
jewellery	1627
joker	1626
jonas	1625
kingston	1624
kisses	1623
laden	1622
learns	1621
limbs	1620
lionel	1619
liu	1618
mccarthy	1617
medicaid	1616
meta	1615
mil	1614
mit	1613
newark	1612
nod	1611
notebook	1610
offline	1609
offs	1608
overweight	1607
palette	1606
payne	1605
phenomena	1604
pneumonia	1603
policeman	1602
postponed	1601
potent	1600
preceding	1599
predators	1598
psycho	1597
rainy	1596
rams	1595
ranged	1594
recognizes	1593
renovation	1592
reverend	1591
rewarding	1590
rust	1589
salty	1588
scots	1587
scrutiny	1586
seizure	1585
serum	1584
singular	1583
skate	1582
sofia	1581
storyline	1580
stray	1579
stud	1578
subsidies	1577
sunk	1576
supper	1575
sweetheart	1574
systemic	1573
tempo	1572
thereof	1571
thirsty	1570
torch	1569
transferring	1568
tumblr	1567
turbo	1566
unchanged	1565
understandable	1564
upright	1563
uprising	1562
vain	1561
vanity	1560
violin	1559
wh	1558
whereby	1557
whisper	1556
worthwhile	1555
xx	1554
acceleration	1553
aerospace	1552
ak	1551
aluminium	1550
analog	1549
analytical	1548
anticipate	1547
arcade	1546
arlington	1545
arose	1544
asthma	1543
aurora	1542
averaging	1541
bacterial	1540
bankrupt	1539
blink	1538
brighter	1537
carey	1536
castro	1535
ceremonies	1534
chang	1533
childish	1532
chili	1531
clayton	1530
clearer	1529
coil	1528
combines	1527
commodities	1526
confessed	1525
constituents	1524
contention	1523
converting	1522
covenant	1521
crafts	1520
das	1519
denies	1518
devotion	1517
dilemma	1516
dis	1515
discoveries	1514
disgrace	1513
dixon	1512
emirates	1511
emmy	1510
employing	1509
employs	1508
escaping	1507
ethiopia	1506
ethnicity	1505
eventual	1504
excel	1503
exercising	1502
faded	1501
firstly	1500
flavour	1499
flex	1498
fluids	1497
franco	1496
gangs	1495
gases	1494
genus	1493
gloria	1492
glove	1491
grabs	1490
grammy	1489
grapes	1488
greed	1487
greet	1486
hank	1485
hose	1484
hq	1483
impacted	1482
imposing	1481
inflammation	1480
innovations	1479
ko	1478
lambert	1477
lamps	1476
lava	1475
ln	1474
longtime	1473
madonna	1472
magnet	1471
mann	1470
metaphor	1469
millionaire	1468
mn	1467
motives	1466
myers	1465
mysteries	1464
negro	1463
nightmares	1462
notify	1461
null	1460
ole	1459
oops	1458
oriental	1457
owing	1456
pact	1455
paramount	1454
paranoid	1453
patriot	1452
patron	1451
pearson	1450
popcorn	1449
positioning	1448
preserving	1447
proxy	1446
quantitative	1445
regain	1444
reminding	1443
renew	1442
resemble	1441
retarded	1440
retro	1439
revolt	1438
rightly	1437
roasted	1436
ruining	1435
rumor	1434
sacked	1433
saddle	1432
schmidt	1431
schooling	1430
sherlock	1429
shirley	1428
shrine	1427
shrink	1426
sniper	1425
solitary	1424
sorrow	1423
squares	1422
starters	1421
stoke	1420
sutton	1419
talkin	1418
taller	1417
termination	1416
thames	1415
thigh	1414
thrive	1413
tr	1412
troll	1411
ty	1410
uncovered	1409
undertake	1408
unpaid	1407
unsuccessful	1406
usc	1405
vest	1404
vine	1403
violating	1402
viruses	1401
warns	1400
warranty	1399
weakened	1398
windsor	1397
xxx	1396
yen	1395
zimbabwe	1394
admired	1393
airways	1392
aisle	1391
almighty	1390
amino	1389
ants	1388
apparel	1387
arbitration	1386
arising	1385
artifacts	1384
ashton	1383
atom	1382
auburn	1381
awakening	1380
bedrooms	1379
bilateral	1378
bleed	1377
brace	1376
burgers	1375
caption	1374
captures	1373
choke	1372
cholesterol	1371
classy	1370
clicks	1369
clyde	1368
compelled	1367
concealed	1366
condemn	1365
confrontation	1364
constitutes	1363
contributor	1362
cpu	1361
damon	1360
deluxe	1359
devastated	1358
dinosaurs	1357
disguise	1356
dismissal	1355
domains	1354
downstairs	1353
empathy	1352
ensemble	1351
ernest	1350
feasible	1349
flawed	1348
forged	1347
generals	1346
genres	1345
gettin	1344
gi	1343
goats	1342
grease	1341
greeks	1340
guessed	1339
haiti	1338
hallway	1337
harley	1336
heavens	1335
helicopters	1334
homosexual	1333
hulk	1332
hydraulic	1331
impulse	1330
incapable	1329
indies	1328
inflammatory	1327
insanity	1326
insecure	1325
institutes	1324
integrate	1323
intentional	1322
ish	1321
jeep	1320
knot	1319
laboratories	1318
landscapes	1317
lebanese	1316
lecturer	1315
lust	1314
marilyn	1313
markers	1312
mayo	1311
michel	1310
microphone	1309
miniature	1308
monks	1307
motto	1306
mouths	1305
murdering	1304
nationality	1303
natives	1302
nottingham	1301
nw	1300
obstacle	1299
occupational	1298
og	1297
onset	1296
owes	1295
pe	1294
perceive	1293
persecution	1292
petrol	1291
philosopher	1290
photographed	1289
pits	1288
pixel	1287
plantation	1286
presently	1285
props	1284
prose	1283
prostitution	1282
quoting	1281
radioactive	1280
raining	1279
rang	1278
razor	1277
realization	1276
reconciliation	1275
removes	1274
restoring	1273
reunited	1272
rocking	1271
rory	1270
royals	1269
rug	1268
sacrifices	1267
salvador	1266
scanning	1265
screamed	1264
shaping	1263
slogan	1262
specimen	1261
sponsorship	1260
steals	1259
steer	1258
stefan	1257
strains	1256
strawberry	1255
strive	1254
sunglasses	1253
surfing	1252
tate	1251
temptation	1250
thrill	1249
tile	1248
tonnes	1247
tow	1246
trainers	1245
translations	1244
trusting	1243
turtles	1242
uc	1241
unarmed	1240
undertaking	1239
unfinished	1238
unhealthy	1237
unlawful	1236
unpopular	1235
ut	1234
vanessa	1233
vanished	1232
verb	1231
versa	1230
viii	1229
volatile	1228
voluntarily	1227
vp	1226
whitney	1225
withdrew	1224
abnormal	1223
accredited	1222
accuse	1221
ada	1220
adjusting	1219
ample	1218
analogy	1217
analyzing	1216
apex	1215
apocalypse	1214
appliances	1213
assholes	1212
backward	1211
badass	1210
barred	1209
beck	1208
bingo	1207
blogging	1206
boiler	1205
bon	1204
boulder	1203
brock	1202
calf	1201
cambodia	1200
capt	1199
cb	1198
clarence	1197
coating	1196
commentators	1195
consolidation	1194
continuation	1193
convictions	1192
convoy	1191
cork	1190
cosmetic	1189
cubic	1188
cyprus	1187
declares	1186
defeats	1185
defenses	1184
dept	1183
deputies	1182
descendants	1181
detector	1180
digest	1179
diplomacy	1178
directive	1177
disadvantage	1176
disruption	1175
distract	1174
downward	1173
ebook	1172
eco	1171
emphasized	1170
energetic	1169
engineered	1168
fest	1167
fills	1166
friction	1165
fulfilling	1164
funk	1163
greatness	1162
grilled	1161
guiding	1160
hackers	1159
hazardous	1158
hooker	1157
hopeless	1156
hourly	1155
illustrate	1154
imo	1153
impressions	1152
indirectly	1151
induction	1150
infrared	1149
insists	1148
instability	1147
installing	1146
invites	1145
irene	1144
irving	1143
ja	1142
jacques	1141
jong	1140
klein	1139
limitation	1138
linguistic	1137
listeners	1136
litter	1135
ls	1134
lump	1133
macro	1132
mag	1131
magistrate	1130
marginal	1129
masculine	1128
milestone	1127
mug	1126
municipality	1125
mushrooms	1124
nd	1123
ned	1122
neurons	1121
ninety	1120
nutrients	1119
observatory	1118
oi	1117
openings	1116
outdoors	1115
pcs	1114
pedestrian	1113
penetration	1112
pod	1111
posing	1110
predator	1109
preferably	1108
programmed	1107
projections	1106
prophecy	1105
proudly	1104
rebuilding	1103
recorder	1102
recurring	1101
relaxation	1100
resembles	1099
respectable	1098
respectful	1097
richer	1096
rn	1095
rodriguez	1094
roma	1093
romeo	1092
routinely	1091
rubbing	1090
sailed	1089
salute	1088
scripts	1087
scum	1086
serbia	1085
severity	1084
shady	1083
shutting	1082
sketches	1081
slack	1080
sleeps	1079
slick	1078
slowed	1077
slowing	1076
sm	1075
spontaneous	1074
starred	1073
stationed	1072
sticker	1071
stove	1070
submissions	1069
tactic	1068
tb	1067
template	1066
teresa	1065
texting	1064
theorem	1063
theresa	1062
tiles	1061
tn	1060
tore	1059
tract	1058
treaties	1057
tri	1056
tribune	1055
undergoing	1054
unexpectedly	1053
upward	1052
val	1051
vera	1050
vista	1049
vogue	1048
volcanic	1047
wagner	1046
wildly	1045
winding	1044
acclaimed	1043
accumulated	1042
adore	1041
afc	1040
akin	1039
alphabet	1038
announcements	1037
appoint	1036
apprentice	1035
auckland	1034
bananas	1033
baseline	1032
beasts	1031
benedict	1030
beware	1029
bieber	1028
bikini	1027
bisexual	1026
boulevard	1025
bracelet	1024
capsule	1023
captive	1022
carr	1021
cha	1020
christie	1019
chronicle	1018
cinnamon	1017
comprehend	1016
compulsory	1015
confederate	1014
contaminated	1013
contamination	1012
contests	1011
coping	1010
corey	1009
counterpart	1008
creed	1007
crisp	1006
crust	1005
cutter	1004
daring	1003
delegate	1002
deploy	1001
dietary	1000
dissertation	999
dividends	998
domination	997
downloading	996
ec	995
emission	994
ethan	993
evaluating	992
everton	991
expelled	990
fin	989
fined	988
flora	987
folding	986
fracture	985
frances	984
functionality	983
gamma	982
gays	981
gaze	980
genome	979
grains	978
grape	977
gravel	976
haircut	975
haired	974
hangs	973
hastings	972
highland	971
histories	970
honoured	969
hugs	968
hustle	967
hyde	966
ia	965
idle	964
indictment	963
insulting	962
irregular	961
juicy	960
jumper	959
justices	958
kardashian	957
leaking	956
limb	955
mack	954
mammals	953
manually	952
meaningless	951
millennium	950
misunderstanding	949
modelling	948
modules	947
moody	946
nam	945
needles	944
noodles	943
offender	942
oracle	941
overlap	940
patrons	939
pd	938
peek	937
pentagon	936
peters	935
petersburg	934
pokémon	933
porsche	932
pos	931
pottery	930
prairie	929
prank	928
premature	927
psychiatrist	926
quad	925
quartz	924
quitting	923
rb	922
residency	921
resolutions	920
responsive	919
richest	918
roar	917
ronnie	916
rooney	915
rot	914
rulers	913
salem	912
sank	911
santos	910
sb	909
seahawks	908
sidney	907
sleeves	906
songwriter	905
sophia	904
spear	903
spies	902
stain	901
stella	900
stimulation	899
stranded	898
stretches	897
stylish	896
subs	895
sur	894
tasted	893
technician	892
temples	891
tidal	890
transcript	889
treasures	888
trench	887
trousers	886
unwilling	885
uruguay	884
utc	883
validity	882
variants	881
varsity	880
verification	879
vows	878
vulnerability	877
wesley	876
whichever	875
whipped	874
wo	873
wrath	872
yuan	871
zen	870
abuses	869
accomplishment	868
acquisitions	867
aide	866
allegiance	865
apt	864
attracting	863
avatar	862
bali	861
bangalore	860
bans	859
battling	858
beads	857
beverage	856
blaze	855
brendan	854
brent	853
broadband	852
bullied	851
bumper	850
butterflies	849
carlo	848
caves	847
chalk	846
chilling	845
coaster	844
coated	843
constituency	842
contingent	841
cornell	840
corrections	839
costing	838
councillor	837
cyclists	836
daniels	835
deprived	834
diplomat	833
disciplines	832
dos	831
drained	830
eldest	829
emphasize	828
entirety	827
everytime	826
exodus	825
explosions	824
fallout	823
feather	822
figuring	821
financed	820
firearm	819
fisheries	818
flock	817
flyers	816
footballer	815
footsteps	814
forestry	813
ghetto	812
grim	811
helpless	810
hemisphere	809
hides	808
housed	807
hs	806
hyper	805
inconvenience	804
incorporating	803
injected	802
insured	801
intends	800
intervals	799
intriguing	798
invasive	797
ipod	796
iq	795
irrigation	794
ix	793
killings	792
lastly	791
liberties	790
lipstick	789
macdonald	788
manipulate	787
mart	786
martinez	785
meyer	784
midlands	783
midway	782
minors	781
moist	780
monarch	779
monte	778
monuments	777
mortgages	776
mourning	775
mu	774
mustard	773
negatively	772
neighbour	771
nissan	770
norwich	769
nothin	768
objections	767
patterson	766
persona	765
plaque	764
pls	763
plymouth	762
poetic	761
preach	760
preaching	759
princes	758
proposing	757
punjab	756
purity	755
rabbi	754
ramsey	753
realism	752
receipts	751
retrieve	750
rhodes	749
ri	748
scheduling	747
scoop	746
scotch	745
scrub	744
separating	743
sewing	742
shale	741
shin	740
shootings	739
simplified	738
slipping	737
smartphones	736
sol	735
solicitor	734
sophomore	733
spreads	732
squadron	731
squirrel	730
stalin	729
stickers	728
stigma	727
strengthened	726
taco	725
takeover	724
taliban	723
tapped	722
thor	721
thumbs	720
tinder	719
titan	718
trait	717
traitor	716
troop	715
truths	714
underestimate	713
uni	712
updating	711
urges	710
wallpaper	709
wasnt	708
watt	707
weighs	706
willis	705
willow	704
addict	703
ale	702
api	701
archaeological	700
assistants	699
az	698
banging	697
bathing	696
bending	695
bengal	694
betrayal	693
boiled	692
bonding	691
bounds	690
breeds	689
byron	688
cardiovascular	687
chic	686
clone	685
clusters	684
communal	683
compliments	682
consortium	681
controllers	680
copying	679
countdown	678
courier	677
danced	676
dd	675
debating	674
decreasing	673
defect	672
disastrous	671
displaying	670
drown	669
drummer	668
durable	667
efficacy	666
erik	665
erin	664
exaggerated	663
exclusion	662
exhibitions	661
exploited	660
extracted	659
faults	658
filipino	657
flashing	656
freelance	655
gerard	654
gin	653
girlfriends	652
granting	651
greeting	650
hawaiian	649
headaches	648
honeymoon	647
ignition	646
impaired	645
incomes	644
investigative	643
ir	642
jewel	641
jupiter	640
leonardo	639
manifest	638
mans	637
marx	636
mets	635
mourinho	634
mutually	633
navigate	632
obese	631
outreach	630
overlooking	629
pandemic	628
passages	627
perceptions	626
perimeter	625
pike	624
piper	623
preacher	622
preceded	621
procurement	620
protector	619
pulp	618
rabbits	617
ransom	616
recruits	615
reel	614
refs	613
reg	612
rehearsal	611
reinforce	610
restart	609
revive	608
rigorous	607
ringing	606
rna	605
scarf	604
scenery	603
selections	602
sensory	601
shelters	600
sidewalk	599
skeptical	598
skype	597
sleepy	596
smoothly	595
speeding	594
staple	593
steelers	592
stereotypes	591
stirring	590
strand	589
stunned	588
suppression	587
sushi	586
suspend	585
sw	584
swelling	583
tails	582
terminology	581
theatrical	580
timer	579
travellers	578
trustee	577
turnout	576
tying	575
unanimous	574
unpredictable	573
urging	572
validation	571
vengeance	570
verizon	569
visually	568
waits	567
wakes	566
weighted	565
wii	564
xl	563
zhang	562
acc	561
activism	560
advent	559
airborne	558
alas	557
astonishing	556
aww	555
bakery	554
barracks	553
bart	552
bathrooms	551
baths	550
believer	549
benefited	548
blankets	547
borne	546
brokers	545
bunker	544
caffeine	543
capped	542
carlton	541
chaotic	540
chargers	539
cite	538
classrooms	537
commentator	536
commercially	535
confirming	534
confuse	533
contributors	532
copenhagen	531
cosmetics	530
coward	529
dammit	528
dell	527
dent	526
depart	525
destroys	524
detectives	523
diminished	522
disappears	521
disappoint	520
dl	519
dolphin	518
dove	517
dumping	516
dunn	515
dusty	514
embracing	513
enduring	512
enlightenment	511
fibre	510
finnish	509
fixture	508
focal	507
friendships	506
frightening	505
fucker	504
gala	503
gardening	502
garrett	501
garrison	500
gears	499
generates	498
gladly	497
goodwill	496
govern	495
gradual	494
greetings	493
groceries	492
hacker	491
hal	490
harness	489
hashtag	488
hassan	487
heartbeat	486
heh	485
highlighting	484
holt	483
honourable	482
illnesses	481
imminent	480
inaugural	479
insulation	478
intern	477
irresponsible	476
jakarta	475
johannesburg	474
judith	473
kathy	472
lag	471
lays	470
lenders	469
lg	468
locality	467
lure	466
malicious	465
mattress	464
meredith	463
merged	462
merits	461
mist	460
mole	459
molecule	458
monarchy	457
mormon	456
muscular	455
neutrality	454
nikki	453
noisy	452
notre	451
orgasm	450
otto	449
panties	448
parcel	447
partition	446
peculiar	445
penguins	444
prayed	443
prefers	442
proposes	441
proprietary	440
prostate	439
protagonist	438
punching	437
puppies	436
rafael	435
randall	434
rant	433
rash	432
realities	431
recalls	430
receivers	429
referenced	428
reflections	427
rejects	426
replica	425
representations	424
reside	423
richie	422
ripe	421
rituals	420
riverside	419
roberto	418
rodney	417
rp	416
sac	415
sacrificed	414
sane	413
savior	412
scenic	411
sip	410
slapped	409
snail	408
somalia	407
spotify	406
spun	405
statistically	404
stimulate	403
strangely	402
surveyed	401
susceptible	400
theodore	399
thighs	398
tipped	397
toby	396
toilets	395
torres	394
translates	393
translator	392
transmit	391
trophies	390
ts	389
tuning	388
tutor	387
unsafe	386
verge	385
vibrant	384
wander	383
wong	382
xp	381
yeast	380
abdul	379
absorption	378
accelerate	377
acne	376
advertise	375
apologise	374
aspirations	373
assassin	372
assign	371
aston	370
audi	369
backlash	368
balloons	367
bbq	366
believers	365
blockchain	364
bonnie	363
brewery	362
bulb	361
cardboard	360
casually	359
chartered	358
chew	357
circumstance	356
cliffs	355
collateral	354
congestion	353
conquered	352
courtney	351
creditors	350
criticised	349
criticisms	348
crossover	347
crunch	346
curtains	345
daytime	344
debbie	343
deliveries	342
demise	341
dependence	340
deutsche	339
dictator	338
diets	337
differs	336
digits	335
dime	334
dire	333
disagreement	332
disciples	331
disregard	330
distributor	329
dominion	328
downhill	327
drafting	326
dreadful	325
drunken	324
earnest	323
eng	322
erase	321
evacuated	320
exp	319
extinct	318
forbid	317
forgiven	316
freezer	315
genetically	314
greeted	313
hare	312
healed	311
herein	310
hoffman	309
honorary	308
immature	307
imperative	306
ineffective	305
interacting	304
jerome	303
jess	302
julius	301
knit	300
kumar	299
kuwait	298
laps	297
lester	296
manly	295
marvin	294
maternity	293
meanings	292
misconduct	291
morale	290
mornings	289
mute	288
needless	287
nerd	286
nokia	285
nominees	284
notifications	283
novelty	282
optimism	281
optimization	280
outdated	279
oxide	278
paints	277
peasants	276
pence	275
peppers	274
percy	273
perez	272
peripheral	271
pinned	270
pint	269
pleaded	268
poop	267
pornography	266
ppl	265
prepares	264
prevalence	263
proceeding	262
pronounce	261
proportions	260
provisional	259
punches	258
ravens	257
reddit	256
remark	255
repay	254
roland	253
ropes	252
rouge	251
rumours	250
santiago	249
saturated	248
scares	247
screened	246
shaved	245
shooters	244
shove	243
skipped	242
smashing	241
sms	240
snaps	239
soaked	238
softball	237
southeastern	236
spears	235
specials	234
spectators	233
spur	232
stevie	231
storytelling	230
stumbled	229
stupidity	228
suppress	227
sweating	226
swings	225
tangible	224
tara	223
textbooks	222
theo	221
tilt	220
tougher	219
trivial	218
turks	217
unofficial	216
veil	215
versatile	214
warsaw	213
wed	212
wr	211
yi	210
zoe	209
